,0,1,2,3,4,5,6,7,8,9,10,11,12,13,y
0,1.09600897615,-2.25152141469,60.5447493578,8.37567099621,-31.0348567649,-5944.49818966,-269.516058316,-2324.40095308,-386.287944498,-2979.4754331,-585.480262337,-2225.87631511,3877.28192393,-27.97695456,3.07401185061
1,-2.5274936289,3.44596845411,-0.00584716915049,0.0518137862061,-81.1734022535,-6.64290079716,-4.35701299108,1.64155841858,-3.96256790807,277.502344161,-17.6604126505,-291.258427331,6.42758579285,30.6013452052,-80.0808399866
2,1.56430481262,-11.6403343562,-0.886279190923,3.84979740011,3283.40198809,164.63253421,192.396957392,160.809032192,188.757954012,-785.744291711,75.3287265979,185.869717921,-81.2106674504,2099.57475194,4.87979698661
3,3.88278633271,-1002.86472186,-14.7130766314,-48.0769338005,-72.3236819179,-5180.95259033,-310.460146399,-321.011016695,-354.34373292,-352.158342794,-438.593034839,-404.33258186,3757.65416693,-18.3985497419,2.43087624306
4,-0.0414973358755,0.0509074984387,6.88310651185,-30.1554014663,-15.3290798591,107.271796947,3.80176781569,44.9810117387,-1024.1460275,-1515.87392986,-120.157728083,-142.519104673,77.0675927423,369.010217342,-3.22350559514
5,2.7248963319,15.9886440663,1.39760092476,-13.8860130615,2695.63656239,83.0183803252,245.890768883,158.872412966,146.554503872,274.004653036,99.2728861911,-123.809151953,68.1903074412,988.456384661,3.80462580561
6,4.31740655506,1.19460099763,-0.982033292449,-2147.16986965,-105.423587466,-152.80559584,-117.633941637,-145.2255562,43556.6349193,2813.59669522,2105.58987553,50.4157300712,-1065.38207866,-23.6096326397,-0.83187413397
7,7.87040200071,1.75619535357,-3.28850074015,236.243655652,-371.360350084,34.3953315529,-11.8598814593,-1.32150703211,89.7788854674,10.6474237006,-4.69670513349,-188.8737201,50.0388125551,-49.5659188157,-49.7406815282
8,-0.687412970189,0.999277198095,-0.245684807665,-66.1766923003,-9.63949689162,-17.9978773346,-4.62028982607,-74.1430203933,68.3426634428,13299.4408753,691.370403967,676.921183642,-46.2112255827,13.9139981988,0.68296435513
9,-0.686116631264,-0.390711832614,-8.03969841648,219.394574282,8.93602358983,18.3533004653,-5785.31913417,-277.966756954,-290.646834707,29.9172372321,-296.868204369,-312.37302699,220.631094715,-14.4403758384,-1.38159596356
10,-226.533599803,-3.94293802927,-8.09138625169,-13.4762692465,-15.6534898632,-40.1242772623,-3.31778803987,-36.2871354136,598.593557921,158.284187437,-263606.117161,-13128.5359485,36.6848786035,0.450524222879,0.0102247639653
11,-49.0526432538,-21.1974609891,0.792857491666,-22.8310036583,-6.47573446296,40.2168685113,-8.08596258072,1280.14381506,27.472823492,-133.637213269,-7804.22866966,-427.012874486,-12.2713458552,0.335774027146,-1.40135860238
12,-13.6250042159,-11.8141378277,10.9318278084,0.296952452538,0.992072059359,4.41369009421,95.3843949002,1.52749109739,5924.07947216,125.468030876,238.369587736,-1156.96967151,3.43635193103,-0.819470972374,1.87776680661
13,-1596.90800486,-44.3708393318,-94.5029457272,-83.7428625207,1507.44507393,-20.3941788535,-8.86524807409,-25.2586639944,-15.3089040301,-40.6817027164,-12.770116801,-65.3634177856,-45.4734896663,-0.923379917525,-20.0644693657
14,9.32158577591,2.33884673139,-1.97309591618,-2.9062965021,3.35005055735,10.3806337939,-0.636466002561,-7.76713875094,5.90947485047,85.0083977789,9.28480111344,-0.603835083158,-5.21065918076,-0.0162496578054,89.450786688
15,2.36650724629,3.88813961389,2.0502217787,1278.21452731,65.5718730002,64.1212848457,78.9840928629,79.4973924608,83.8518393757,192.330804857,89.7377142983,98.7454075325,-923.476355622,27.2241572754,3.96417452607
16,-5.032455691,-14.3963349156,-2903.34906322,-149.514430854,-150.353463511,-161.218291987,-166.944683163,-187.9778594,-197.792531056,-194.575729968,-45.6423002549,-293.788837981,123.724567304,31.3712132981,-2.07374743712
17,0.603950011397,45.0099723175,-21.0173241095,45.2707755881,-5.49403912225,-22.2132311478,-74.236030137,-15.6162311961,-19.8117784807,11.5303880264,827.170535979,73.4450234621,12.0246512532,-8.47802695446,11.8584672867
18,-6.48630573188,-0.731088374123,1.31803829631,-44.4533639575,0.820429183337,662.776736068,39.7756073126,102.951085206,921.488398869,-605.987001284,54.1951186474,29.4316614263,460.648248023,-0.633265317041,9.17499147396
19,-2.85184375921,25.2311162056,1.68858652585,1.34224282331,2.74942552758,49686.7706521,2487.78651062,2659.45535358,2786.59978502,2875.73700206,3112.24925233,5120.61238738,49434.270407,-1.45038089014,49.5165594801
20,-84.7785007122,151.049963364,3.47710540416,11.3407725518,5.13183360131,0.281700126347,35.1709623436,6.71910729168,0.0686662303231,-34.1985898336,-7.28490335338,-64.5339725161,11.2358710271,0.605987036358,445.543936448
21,-1.62430359708,6.95440787215,4.87806769741,-0.63990056106,-2.89698064446,-55.7729074705,-47.305822205,-252.594072818,-255.284823239,-41.577142074,-25.8329250548,-515.703402068,-44.2761765538,1.92643943404,-8.5427062047
22,-4.84904450077,-2.00992899936,-16.6811309331,-2096.32314695,-203.369528981,-31.3681841827,-101.045047257,-65.3492490411,-103.616368993,-105.985682813,-132.651954628,-85.3485162592,1274.91386902,42.1516394355,-2.12902590665
23,-3.16012028715,0.514305647916,0.174497755907,45.180812629,0.153036213708,-121.81777842,-6.88728794992,-29.2259561743,5.94501946823,-122.698640386,-196.761760475,-24.9579045319,-66.7170165269,1.24493159812,-21.9506430433
24,7404.0308647,327.707790412,389.179944743,408.59703222,491.991370004,612.941255505,476.154096036,402.337166919,2282.8078854,8170.80263957,674.738819596,979.403966146,98.5785617395,-0.269497374443,0.473819044739
25,-30.7336922562,-75.1637574024,-23.0712548566,-10.2705591956,46.5053921037,-6.78049357285,-8.89791110761,-1.88811914948,-11.4641469035,27857.2092295,1388.27526278,1441.55615839,-16.38242057,-2.82933045304,0.253992351441
26,1.16505655383,3.42803671348,120.615462852,19.7737434982,18.4962212385,-16.2698931216,31.7428377852,2.4715286875,37.1309228034,-1090.44795763,-43.727220832,-97.5910494046,-3.34219983313,16.8130321454,-9.81854853759
27,33.6525187615,1.40337556047,930.238241678,49.9050193024,15.2304717914,40.3283450902,30.5204594867,-438.959554741,58.6748180373,26.2362838023,40.2158283071,-19.21117501,13.6796913476,0.185197795008,12.9545912121
28,-26792.2979818,-1342.2106667,-1385.65931622,-1475.58224743,-882.811328215,-6448.29704577,-1941.90234103,-2059.46107645,-2958.50975803,-2084.40939973,-2368.03466509,-2520.50442405,-495.858192151,0.841898618627,-0.754830448184
29,0.306096452149,0.930399029426,-1.69120083451,155.097106001,7.9147520718,29.2699780546,26.0774235019,455.272563363,29.4972218262,2448.91578884,-1773.34751018,-64.6218160337,108.988399915,25.7348597895,7.53568851251
30,-4.35471028075,-5.69123106747,143.599033756,74.6498122423,-5733.370609,-270.987526166,-298.734253299,-339.099859534,-479.710799058,-415.748265854,-370.754466652,-381.043354457,-81.6738453495,1315.92518544,-0.0356602284016
31,8.72788919109,41.8175873077,5.22119740955,12.5561626424,14.1424560042,-7918.37362556,-392.622126041,339.87876589,-189.303625983,-407.957431167,-444.336768471,-444.124444868,4331.06313212,0.646979746222,3.40346342917
32,-2.50841754066,-0.19387536477,-1.35460084529,-5.6326480833,-0.0236081823001,1.84124967621,412.948416357,33.4094180527,25.9140952856,13514.1760905,828.679270104,930.103329042,-3.72034918218,-0.129648232003,0.763634806664
33,7.20117976366,0.254568176418,-5.29680878881,-4.05840770279,1.89345500306,28.7060630838,-523.156007853,248.486098508,1.62253386535,-227.976738715,-1822220.91508,-91144.2258753,23.8415186239,1.52954414165,-0.0187367952099
34,-441.153456826,-41.5153954244,-147.232147082,8.15562640218,-56.2783643386,-24.8266962409,506.678495762,-14.6518977825,4.78329951757,-11.6015117076,-14.1179572084,-15.4669282236,12.4120726324,-0.691061419895,-40.6206811422
35,-0.448176907868,0.0725119221444,0.00139289396068,2.59070478674,-78.6134852976,811.298528653,1.13624089068e+14,5.68120445339e+12,5.96526467548e+12,6.26352790989e+12,6.57670430539e+12,6.90553952062e+12,813.874083316,175.226356593,0.912235366038
36,55.9437278238,2.78095861039,-67.4350830604,2.3059740857,-0.5210074429,-2.73740659919,-3.74024024817,-4.78591438857,23.8127204883,12.9928999703,-15.6022135835,43.4968043598,0.403600502144,1.00129539281,214.957017217
37,10.6917658987,1.04474545141,0.71105211017,-15.4183178772,-0.0422134791902,-692.82267972,-58.1961996723,84.551244442,-38.1917544482,-37.1399982331,103.481666105,-30.2596191594,-355.64929437,-1.27366063128,-15.3476724541
38,-26.2256744347,-0.686986807858,12.9117306245,-0.966729048729,-2.35110259242,-10.4454624869,-8.86960399444,48.4140823786,330.366723235,21.163482384,39.4019599038,26.7461919324,-8.80641492142,-1.56956502427,23.1524279344
39,0.45185063688,3.25526588942,17.4814661818,-3.83247696921,-14.0102980752,-16.5403116547,25.229188497,-51.9044613891,-7.38458930497,0.35098313011,-3.30820680555,43.2094397806,20.2716939335,-33.4770231752,-1428.19766911
40,9.1809715745,5.18776203519,-9.66060772969,41.443083339,30.4302834343,893.191279419,-49.3101068473,121.290578515,-73.6554039089,26.543395064,218.365820843,457.764582729,452.840017788,2.52632985079,6.59062831674
41,-1.2136287947,12.2729868372,-3.77336401109,2.0163496356,-2.31526362802,-1.75590063744,-106.229887045,182.949124923,-343.166947363,-28471.0926818,-1427.18181418,-1513.7933616,0.249145165122,0.92824230036,-0.291973504301
42,-9.60198794905,-3.99834610372,-50.9601796497,-289.603621674,-26.9375601992,-102.734357571,-25.4157916602,149.072418479,-265.739197446,-210.862621333,-21.9322720768,694.066099701,248.860767018,4.61901870455,-60.4581088521
43,0.533541207449,-0.112345290399,-83.17077308,-2.95001958681,2.34693957285,74.2707940503,104.829464271,31.7212792767,-7861.42449011,-403.003866643,-408.6073319,-600.100425768,70.889731601,3.56972032581,-0.893524050496
44,-5.71881144721,-2.70220315287,-0.944123007434,-0.00940536237003,-10.3109896031,-10.0909468423,-52.9766333615,-155.404086323,-140.532756309,-72.7795429653,27.8523556119,2502.25698638,9.18475028284,0.376065921422,4.66085367611
45,-0.493195400484,-17.0155771379,77.8056889998,8.17875325773,38.2122132393,-8092.67588504,-408.18034783,-424.785567551,-454.000396438,-439.691423054,-482.633303429,-3303.81890998,2399.90155206,-79.1883023003,1.59196925413
46,14.4854348411,-5.34132937244,-21.4589765308,0.100015426639,25.6292567641,-154.433326385,1254.48492467,62.1653201027,162.118609201,78.010875314,80.3025110573,264.11628839,-87.5644257003,2.91471663481,5.47718266833
47,5.28017260281,-103.271366999,-6.17398508414,-13.886910601,-13.1204794191,938.221801797,-973.952120389,-4.44031881094,-244.798552994,468.277554449,-174.080216948,-4.11119793093,-855.602334256,-2.68650541173,-80.3368348316
48,0.225960319929,283.480288578,-149.444931095,8.64570008798,5.31880335595,18.5803959701,27.9119437664,3.0666085992,-312.573216446,-19.2817700809,-201.140332147,-19.3096275247,20.0639175134,23.5613893053,-28.2117268507
49,1.13956564035,29.1509539702,-125.554187688,-2.66957662858,-6.06415357706,-188.460856887,-68.0449742889,-24.684419379,-37.0547432653,12.6708604985,-21.4687044158,-15.2909206256,123.164743972,-6.08029886089,-22.1968472049
50,0.0234523002378,1.8693393613,-1.63200835076,-68.1122602614,-90.2327913977,-11.4375779589,-86.0347556495,33.9091560787,-3.11706331559,-4.15775266924,-11.7577072969,-257.126198153,16.4514608907,-3849.06961409,-23.9519063062
51,-11.2467053368,-1.86325874435,32841.4465036,1644.15081315,1719.44493779,1821.08499338,1650.53482514,1990.59355189,2085.4985859,2163.83213607,2292.786565,2422.25374891,3429.46281082,-154.272206297,3.42637900163
52,-0.916504682406,745.423454859,34.7099827971,46.2987519007,42.239556362,34.3046228377,56.3711758,46.31386037,74.1922247217,419.102381973,44.269098211,74.8201146569,-49.582187516,-46.3483528527,6.19290222738
53,0.979473356257,3.61991531778,111.578416318,2974.15277435,157.98362409,178.489181882,31.2713326307,74.3416852462,197.440292765,271.852685,271.895042401,210.855618167,-2535.65778451,163.15044671,-0.0483120042909
54,34.0896956089,3.59410524123,-34.4348375453,34.9793204081,102.365592966,-18.34443794,16.880901787,10.1569498644,30.5944702775,141.484325754,-48.4156820274,27.3352383598,-14.1390616535,4.09813605953,33.2878414645
55,-0.0140926187055,14.7803846918,-130.865360351,-7.11966265447,-6.19965453603,-494.801118555,-40.5494530515,-8.4209258976,31.5452745513,-92.8732324209,-40.5842648688,-7310.1300083,298.542991316,440.268324904,-0.449322136918
56,28.730352111,11.5091561002,1.77263954428,76.1216211204,9.15197616165,4.99327381471,-36.519197848,24.8472716082,20.9996857185,-39.3110977962,102.940415348,4498.67624747,40.4966690919,-0.920934983348,2.01026305901
57,-0.639868589003,1.54578956361,9.58525773641,5.93280041888,2.88721710825,-527.196395282,11.2108642652,-23.4279077842,-150.747646359,100.950131062,36.4134312849,18.2591823415,-11.5291738978,-5.68139237803,-19.5169097199
58,-6.30507076849,-0.260000041636,-5.07109285172,-66.9737762597,-8.1144586862,190.585370052,11.4911058709,11.5557478124,3.23253918371,-4.78289156486,-22.1864350132,5.74221221882,119.195211742,1.37186004871,91.7872936808
59,-0.595304858073,-22.8161167182,-7.51682696902,-0.693721437316,-165.646620293,-34366.3256725,-1692.20153581,-1856.21165434,-1805.1702316,-1957.73249496,-2076.57486887,-2205.73626508,18839.1683079,277.165641793,18.9887186374
60,-4.25219278059,-0.970496736448,-3.66180872097,43.461994603,243.329558108,-28031.3087032,-1388.51614058,-1439.04515025,-1529.51185448,-1928.26796608,-1097.16766206,-1581.71574463,-20908.6156684,-57.9413679592,-21.2975696077
61,-30.9799014246,-5.4734045326,-50343.017275,-1832.39746947,-2602.66610444,-2981.99426067,-2886.84962997,-3140.98295699,-3194.81053261,-3446.55300669,-3311.78465967,-3744.30113759,1060.45546602,85.32180603,0.904595797149
62,-7.84335728103,1.29258891475,-2.93601924862,-3.23483143989,-0.9805963696,13.1592965408,-487.062896341,-28.2301440322,-62.4942878054,-255.619957295,-553.746807979,-78.5957089258,2.73493634204,-1.93370710392,-6.84160807374
63,0.340612736988,-111.325817201,-2.64947854579,54.1884719761,13.4731732371,155.507791881,129.540330963,26.9672373143,17.9773723042,5.68914927466,-3.36642269542,-0.436833410549,-44.5732608557,38.8811025512,34.9039964029
64,0.375285653554,-7.67585028707,0.709581109038,-1.38956550018,426.619104224,35.0107911941,27.6737931247,11.1192460614,-2004.81534657,-72.9076205349,-545.065281261,-8.93635285823,19.1155766297,1136.91314758,-3.42125388508
65,0.620435900364,0.422810707644,-2.23708535989,-1.68358384425,226.878483967,3252.33001273,150.320763935,196.572664917,157.32649841,628.847002516,251.828416358,248.872339877,2588.39826873,366.848186238,4.97494414287
66,-1.72702632778,345.635647032,16.7368411197,79.9425817183,30.5310040402,21.9924556032,44.9408833161,-1.40510554338,-1363.98431537,-89.8118180274,-57.2227509635,-62.0100661367,101.513394849,-18.382511391,-9.69350485926
67,-0.152449793513,-10.3973748861,34.5490226414,47.934858575,10.1624239499,69.2872257948,51.0430844624,994.682926183,76.1345550422,163.19893323,486.291298146,100.872369296,-66.9952305033,-66.6762102248,4.78699314619
68,1.95762254613,-8.91398506261,-2.28206140466,5.25077199013,1.55031947342,600.598794202,-14.0142297959,10.3360993999,27.394645344,31.4653127293,47.0753234359,33.1994165718,-528.057395717,1.68881258105,13.1039362124
69,-1.7574460732,116.910547702,62.541189628,-11.7434517573,8.19183864747,-23.8496833682,-100.36510746,-8.39300094521,9420.63661615,431.214113084,586.718579852,511.524298732,27.6804723003,-3.91632084638,0.944399758522
70,0.226486853726,-0.341268054196,-116.338196862,-11.9554248713,-12.0148427926,8.47089297178,-12.5230183709,-15.2754617781,-45939.0469183,-2342.89822634,-2386.04468178,-2560.32200778,-3.2693340206,-52.8123914732,-0.225795271921
71,0.415049879242,10.185293305,-54.8069533272,-60.082411911,-5.27308157038,-30.2144033987,121.434446247,33.4917268035,21.1697476723,6.31693617297,-42.3689536237,28.3775039944,65.7456080348,-12.486561174,349.178904365
72,-2.32909842934,-1.81632905953,-2.75323449305,-1967.77660414,-2300.06098003,-160.988623305,-224.513847308,-238.485868595,-2328.48777655,-561.656714901,-389.324931562,-398.772366636,1194.95201711,985.974521593,0.957442953733
73,-9.75933903403,8.44998675654,0.635142824381,-12.2510595465,6068.66418396,242.412221326,376.291459539,330.641543351,358.384143022,448.014203184,851.1433034,420.453616919,-85.6885858241,-621.732954706,0.281584024993
74,-2.07150036808,0.184826917988,-8.65247301744,455.624792964,36.6630649072,46.4947682898,-44.8898450188,3.49481125047,-674.836809956,-3.11872105945,2.12547794353,27.8012745955,489.85338682,-18.7415133002,-61.6297971261
75,26.9449626001,4.93272220154,0.728057795614,-1.05056254979,-20.0720069151,22.4825903522,121.453771358,-102.153905209,-109.22545301,-17.9730733405,-91.9578441559,130.657655458,4.26337323225,1.04927814204,-283.777410081
76,1.35863405054,-58.540890529,-78013.6439438,-3927.40776563,-4097.23648838,-4300.03300524,-4519.16486122,-4108.96046432,-4944.39164795,-5254.24969107,-5442.75984014,-5712.88917945,-8073.53597179,-3015.63279064,-11.0834673876
77,-0.792937564685,11.8818724382,-2.66890341196,2.1599804314,-18.2936522931,-48.4874515456,80.5013751491,3.91414606314,-18.4117003725,-16.5422516214,17.9217220712,-323.160595457,-35.3497443052,23.2037331968,-32.1492052696
78,-14.3177934492,-1.80905331907,-184.146151768,6.70260122006,-34.4357929263,1.57409104577,3.0734948335,-14.254744467,-33.7595158884,47.1230520795,-13.4540220464,1.12190971829,-2.22912589277,3.09247646878,-42.1974847271
79,1.62929274629,-70.7251302905,-8.93547285577,114.711380947,231.251922321,7.73179961323,20.1286417523,5.10361848817,26.1069275176,60.0411747663,87.4721391681,-85.8577209905,23.3596688608,141.94505503,25.776373907
80,-1.04298831465,-0.786825742616,-41.6123846369,2.54387931505,0.620375721537,-114.041685232,-7.37113310339,-10.641066644,59.5297529206,-22.7328945408,-69.9073074413,-76.2377927231,-78.7771883594,-0.806275668061,-35.6632900163
81,-3.6364975079,-23.9759047543,-2.6659761953,-85.0901609902,47.739013591,-1.74238747368,-27.5474085648,-1.72560102702,-20.5318108518,17.4894120998,53.6676209588,-55.8742402803,-31.0938188864,-13.3704354598,-96.424954274
82,-195.191708283,-9.2288466195,-124.207146912,-18.4385548387,-9.38209207798,-23.0024076606,-14.6997628095,12911.6859415,712.248527639,1497.78920327,744.505183561,978.993268378,40.7219656174,0.727962074869,0.674832969534
83,-0.920424752959,-337.697548373,-19.2182535554,-16.3586437864,31.4787361183,-26.1589763578,-3.46937248253,-18.6528372566,-38.0426792466,32.1255302667,95.7510300593,28.7148309684,2.34326022158,-34.8626769367,-36.8092343083
84,-5.73888173685,48.1271473883,14.0626656118,1.37397587845,2.81639459728,13.9634722586,0.942357400306,1099.7672017,121.170445597,-13557759.089,-677867.228281,-711586.613585,-8.20831533271,1.44801489235,0.117595758713
85,-9.3921940369,12.771209077,-59.7873055257,0.280033469406,-18.6911687592,-5.64571619294,-21.8710827184,-43.5254959088,-69.3847598997,-7.67830577236,118.020757372,-492.84698304,-5.27298820984,1.72609881125,-16.9474929811
86,-0.155490884579,2.76670548542,-13.4431208964,-29.7514472718,83.2749033226,44.2392143266,-790.817407685,-34.0293233786,34.1559142823,1476.41132359,184.695598664,52.3412090922,-13.8761167038,-536.046210781,9.29240533464
87,1.55444542041,11.2117472137,0.148364388292,-53.7354332809,-5.29976228133,-2267.10823816,-115.874592191,-132.85506795,-165.964498087,-246.239546329,-146.406504731,-168.779278675,-485.784611652,-3.72074407958,-3.54498882004
88,6.3998773752,-32.7427521157,-1.14044149558,8.87502002164,-60.3161171311,-16.7467525087,-11.098271993,3.03463906265,-37.6423599929,9755.26859248,462.360406562,509.8876857,-1.43756691494,-9.04855288161,0.873705048735
89,6.30217793862,-3.75263979776,1.05521505349,-101.073763015,-22.0837989388,-7.76263303896,-9.2360048935,-9.89214290396,-5.26880433417,7.3575397642,12.5870178697,23.5606720636,87.7416139024,-2.81004361789,-92.222362907
90,-11.4953020319,-60.681152756,212.321054387,-33.4406580462,-10.4299316324,7.50944087362,11.8204175931,28.5737603626,32.1885411507,-713.104283125,-23.0646977936,-35.9809044306,13.9818317895,1.37325306823,-16.8046178909
91,4.55672356692,-4.53514336088,0.275940183272,-14.7720411355,32.5478041455,-4.00959295272,0.750954885414,63.9803650591,-6.18067516465,-118.056852917,65.0695880651,-11406.2971149,3.91142287257,7.43857511472,-0.808351181406
92,-0.453153765531,9.00766997516,-28.7479367744,-90.4802587883,-77.1621939538,6.09310112069,-5.96710934715,1599.77174428,64.4039492548,85.2105664709,160.543013591,-132.690387193,74.2872944793,170.136213623,6.38770765877
93,-11.8555426009,197.06914488,13.8152191119,19.9190939735,54.6084024317,10.886801871,80.6513514626,13.3422702417,-268.064202195,32.3604923107,-3660.4692481,-1599.80343488,-21.5380407755,-4.40701679825,-1.94926485538
94,-0.510989250873,0.346394854727,14.7907832936,-6.77768719684,269.563262861,799.376028302,62.5074967812,48.1231656677,19.5066246553,91.0984759211,219.786901729,66.7736191625,646.934838306,-528.721368811,6.56553681313
95,21.7985560503,3.08224663678,7.79621007752,-300.756579107,-12.2019149198,-14.1522803625,-6.10000600728,-17.6174572684,-30.5283521643,22.8829863235,187.865077576,17.9599869528,314.103177256,1.50055941348,-83.0181210435
96,-0.267577390201,2.25210461233,-28.8013567664,-5748.77892838,-198.015581985,-314.001676945,-316.881411136,-274.867548919,-417.682493535,355.393276369,-145.518903503,-360.028961367,2817.35764632,740.914432921,2.23241583734
97,493.796535216,44.3083691448,26.7522636016,28.1385356,-21.5056759032,53.3706064785,-273.400936265,23.6726265788,7.62779348469,-4.78486835192,56.3651126525,7.31089498007,77.7578545283,-0.617862170055,22.7451120548
98,368.184342171,18.2008939447,-3.41610253385,94.0034648374,22.7364227428,0.0225375295415,-52.9557506022,-7.45377312078,22.7709727811,-634.424709024,-55.2176410038,10.3381134924,76.2006687781,1.60676743159,-45.8234664273
99,-6.22855487023,-1375.82935961,-61.251018035,-71.9969738681,-89.3055532091,-70.9700272004,39.7793289381,-52.4810170323,104.589165427,-85.1990290765,-65.8279688037,1423.65077254,-142.268134167,13.5158980634,-32.3074093112
100,-12.3789897511,-0.743295814915,79.8005511929,17.8263449054,-1038.45232693,-85.2459278064,-65.5359077731,-53.7116919199,-208.841577737,-87.0103027218,-123.572359328,-21.6261159145,14.1170343196,84.5634503949,-6.09850338519
101,-0.0559644287673,-7.07286840804,-302.791734851,16.7096681666,1198.94268952,-29.0758148679,36.680392571,-330.262089297,60.2592597288,-67.566748685,52.0013991183,-928.924316869,-11.3448972098,-21422.1236485,-54.6535775893
102,-1303.04609841,-65.3789289233,-69.9366463138,-73.7857747999,-72.7382706263,-81.0329828733,-82.6451840914,-163.146357972,-64.6849171034,313.119060651,-87.4934065232,-68.8850543098,134.217658899,0.593201082732,-5.30366338377
103,-7.1702478035,-1.17941862474,-5.55134228935,7.9877216013,-193.965008183,-8.70536523226,-216.522963023,-17.3712750617,-27.4585772219,14569.646995,554.176258371,743.042439461,-0.140753552629,27.2428012967,0.616182129198
104,-2.59496999496,-14.4044386711,-3.25891354178,2.25379667106,30413.1943998,959.667332696,1462.72262074,1637.11026132,18637.3112823,4337.67152307,2643.03113626,3014.97837269,-918.732795461,-11721.2695905,-12.4623718402
105,6.63332520292,0.696292493723,-0.0327793369935,-6.21055004749,-627.664406907,-31.3661375813,-317.513498558,-92.2976688596,43.1108759502,-151094.202477,-7688.0084221,-7995.65126925,-37.4882327437,-96.6019825407,-0.307888539903
106,-1.28211201818,-0.626490140131,-12.6367447845,14.9643608161,3.85042086998,-22.814759493,3.65412479504,1.06417500905,-1.17295344576,2.61870704245,67255.8907981,-8976.92402332,-6.37720740912,0.291682737925,0.212519062881
107,-0.246608783646,2.75400421289,1.02870816597,-0.374187334487,3.41101445338,7.32669407618,-31.9666533096,14.3283525689,0.721755417227,300.913154759,-168.155886211,31.5677761407,-6.44571797492,-14.7703118857,61.8209254052
108,-3.34370721383,-6.66048193208,-0.620541251212,0.45728775759,-12.9353512018,4.40279397898,-3.24286817943,0.28579678356,-316.624818136,-18.175344888,-20.3926724569,-30.000735561,4.49470487576,4.81597737398,-24.5875348758
109,-2.51690828796,0.574360030454,1078.69274197,39.1262171551,-40.4361393881,57.3911439732,32791.2030129,1691.27351561,1808.13914281,2227.60673589,1982.32184396,2093.85561904,83.0837635926,15.8177769944,0.486367744468
110,-44.243211555,-6.66360230845,-3.95819163056,-24.0036930428,-13.3391451591,-3.80818559895,5.36043251121,0.279813261827,30.6374297195,-41.3093247823,11.3432595678,325.103311074,-25.6835605909,1.04189929766,42.3480811998
111,2.61735775069,0.196110990981,51.8055989207,5.54552450803,-53.0975569918,0.669523726851,85.3838983962,-1075.01798755,-23.1155785825,-53.3226337633,-74.0956327465,-54.3896512571,6.1515987883,-21.2596838754,-8.55589995882
112,-14.2962897891,-96.374267982,5.10261635462,-2.47409232604,2.9550370999,9.17003911206,-5.28058743277,-36.6026521682,-748.995987634,-7.75430625469,-11.0095454776,-50.8487974524,-3.51549685337,2.02778942159,-10.5599136635
113,-1.19114764142,4.48163781594,160.532100601,8.3334594011,29.2724138654,1.84539710097,47.5696602916,23.5650155903,34.7683453896,-2093.55778821,-70.8978349832,-84.7428003004,-2.03697634545,-24.8795623916,-5.3244321679
114,1.42493542129,-4.08535767219,-274.163998216,287.166642794,1.30821648321,-427.424728457,98.033542431,-17.7749344222,-25.7881306112,7.9360758525,1748.55889989,233.070728592,82.4440164591,0.0985377550408,6.33674024897
115,-24.9116529924,-0.0450385710988,1.44548813332,0.414044524914,-311.308020353,-40.5753767265,-5.98178678698,-1002.65505278,18.5187497017,-70.6166396612,-59.8190718326,199.659587305,-37.6382999867,13.3173220141,-7.9230999441
116,2.04683221915,-74.2550623066,-33.3066268368,-3.59068079286,38140.2559863,1871.81234366,1974.98772844,2129.13992041,2209.81121816,2305.25176151,-466.482395104,2247.28709975,-25.2374048239,18634.9543787,18.7326776104
117,-0.230702143818,-1.02392859803,8.61043408873,45.1049547316,0.46036157067,2.12594650463,2.47957297003,1.30637420389,16.0830953929,338.009617231,-1182.58480296,-18.4038531127,24.5793151111,-3.48567867021,-12.8030135964
118,-7.64039254872,-1.45114851426,-67.9987036779,-7.17777048906,0.162121120371,-33.5699211499,-1942.54548029,-99.612460455,-119.48758038,-88.0739894625,-120.442689888,-118.135391732,-4.87030695044,-0.275158909311,-3.84896432537
119,-0.117891163977,-0.0175498779278,6.77716269978,-4.09783532426,-18.0085559207,6.84848438271,-15.0708522331,0.0467432429513,-2.94098543615,-149.504715463,19.1807831895,35.5655148188,2.74891027828,152.260879829,-82.2423497738
120,1.56161070467,-11.8845638238,0.96867203065,-18.223040093,19.3582682049,-18.942798957,1.13051806718,32975.8702332,1619.42842329,1807.96675872,1832.6387791,1869.74173685,-28.3980874709,13.5470392936,0.163276314821
121,-3.86857356362,-0.918220160152,39.5936477169,4.61379516859,-0.67956260683,15853.4766766,798.841849961,757.587104231,868.962961394,929.763597525,-898403.674956,-44000.3105541,9621.02692819,-0.948383874116,9.59678131332
122,-708.158794497,-150.266375353,-13.2173887027,89.3616373475,-64.1310434823,-44.2901835913,-30.1209246877,-13.1229710071,-11.4098936633,-55.1896753726,12.4412608988,-172.616843161,40.2668014086,-0.821553695419,-8.80731515532
123,1.25397018571,6.1039985125,22.6128414904,-0.829409696336,43.3581590453,4.89733314711,10.5941812096,38.293413377,92.4878051619,13.3233190318,39992.5529071,3694.82373026,4.03045569821,34.3084287126,0.296869576361
124,1.18944754337,-7.87297978186,38.1104116959,-2.03166732975,-2.82073237076,-0.165398235419,4881.05225193,228.880003301,1202.84767377,271.506129852,590.044862217,463.382557295,0.0479337070155,-2.21754356644,1.332258451
125,4.42560829978,-0.540088111489,30.7782570018,3.787785699,-77.7380055671,-1.92293140277,1.94275264791,-40.7895723686,-9.22412109615,-6.41485561542,9.29070417653,56.8424292388,1.52011665035,-16.2844764885,-338.365527357
126,-0.578691381846,0.172750663173,-2.38374383805,-50.9282732455,69.8001047886,5.16308224952,-76.0772916566,37.9847122717,-109.559637498,-53.4099964466,-27.1279504371,-221643.468175,-44.4255748097,-119.271750711,-0.295332784566
127,1.76207654046,52.944045216,13.8166169715,3.43265769922,7.042593716,82.7775829986,2.57872356349,16.3766494691,-177.859661213,5947695.18919,297380.930718,312645.093803,-77.4018566643,6.43885559062,-0.0353411406445
128,-0.12273297331,-0.95027056946,92.1573146552,-16.4960545211,10.4299965247,7.28846919033,-8.53244299629,-10.2479074811,-0.420950316975,8.37674302197,-62903.059275,-3137.70657756,-5.43170894397,-85.1899913798,-0.373823913088
129,15.3411231291,-19.1203568953,-3.77138606971,-2.0267522723,-202.986466416,60.2078271501,-100.502309871,-21.9959570265,-417.286008569,-159.373246184,-59.2353246228,8.78924276672,51.772232708,-14.3231709635,-10.9629131122
130,-1.65518699794,1.40449371699,-0.799435329034,-17.4186078565,24.4458010684,-0.73053340192,195.486755604,6.90525666748,-78.787299258,-13.6568646089,407592937.889,20379500.2558,-2.56595308246,-16.4350635808,-0.0571051647395
131,-547.415102742,-28.328349928,-15.394275009,-2276.05588587,-140.959539852,4487.80196391,77.9995277558,84.2897418496,88.9909132939,-166.394710593,74.8839852431,65.9122303203,-2169.83879797,1.10589466755,3.60412239097
132,0.685517743783,-1.14530168283,-0.967783094693,-55.5209475682,-75.1683500232,92.4241915487,60.3679545198,3.46882897102,264.3106,16.5610602394,315.91240207,38.0614124846,12.6653520484,-109.595219976,14.9895327951
133,0.109864000117,-3.40958768235,31.7089709451,5.0195617515,21.2259188868,-10292.9961887,-112.514549759,-513.130117714,-532.548878676,-570.086927512,-2026.32212495,-591.05004856,9976.3198467,192.130605946,9.53055985287
134,7.70339371189,3.27324714083,4.28996896609,-680.363789952,-37.4522462722,-79.0161611396,-29.0521205791,-27.1944416876,-42.1288043132,-43.2103061055,-47.0408298972,-47.3431164762,756.013049577,-3.60646358848,-9.09897642044
135,-41.6675790017,56.6958135469,6.74055151618,0.996061808457,1.11719215484,2.44797002237,8.88988527974,-9758.99156595,-489.560419356,-513.437804441,-543.640493564,-7787.09834159,3.40624792231,-0.745794045408,-0.443838626037
136,1.81120096256,-0.117064410824,-6.4545760738,1.89616981339,5.54346640657,797.398853082,-8.7643875045,-31.1322708544,-692.185296827,-30.2689009074,0.655636577397,-27.9544508852,794.329787572,2.24061056415,959.762067458
137,14.8432359628,7.29663557958,-15.1755858093,-10.379256035,-3.56140115584,0.494101789244,36.8814661573,-147.23507398,-26.491214844,2.30633919898,6.5533590288,-177.57729365,-5.25845550141,0.228432772359,-31.9778307877
138,-2.37115471411,2.06084280568,20.2867421559,190.581968465,-13.3445324262,11.0427108845,8.52171945379,73.9381787606,23.6476477972,159.236663066,25.878974478,56.5828222801,-92.515748787,4.8679581256,17.9385197154
139,-0.426184659061,0.039414199969,2042.12129734,3505.04441344,160.787838457,270.608084059,277.988485883,296.47468967,395.492272042,348.569747452,358.299426962,386.645218847,3700.23919651,-376.282546099,4.38189192946
140,-145.431331448,-7.66892185386,-10.5454147033,-5.14998928805,-36.8559995449,-9.81308150115,-9.7451629337,-32478.8115432,-1609.347963,-2069.25044622,-1806.43681402,-1885.38235426,-2.20947460263,-0.138634814655,-0.294092226228
141,0.942749334336,67.8623412898,7.72141357875,5.9206237529,34.4649883331,-87.7174529491,-23.6940652942,-3.99668162598,2.40891980424,-95.0106328984,5.6577319795,23.2042971002,-28.2448902127,35.8458740587,-160.62156697
142,1.25013635155,-7.61846279058,-63.8721908462,4.51115329699,-3.48161428769,-7.64733671314,-7.71400687809,1.3004668273,4.8035914932,-40.3120625288,116.891114697,260.837227238,-0.721198716049,-0.328743549379,38.5914634906
143,0.585376515563,-363.69329446,10.8371381354,-40.0280672666,2.936933556,-23.769351635,1360.21201658,-15.3803491947,5.21083203072,49.0614396752,49.1041533906,53.4653464663,-47.3529629934,4.32585496081,9.13921749943
144,-0.687225253209,-73.9333601749,-5.11648839396,13.6716559024,3.87590481478,-2.49636679839,0.894362607515,-15.3008866624,-41.1040107107,5.63306469711,99474.7995161,8195.9049276,1.13853665167,-6.25275989023,-0.0184036112765
145,-28.9963591989,-21.5408394575,16.8968436867,-3.35521034454,15.1748771189,8.26486243016,1771.09270577,87.5264704477,110.062215952,340.990423185,91.7649809939,57.3845181216,-4.38728683693,-0.216360917767,4.17907811657
146,-0.0438837646231,-1.23004955977,0.813488818885,192.073326878,-58.8089929696,6.48145184299,-30.9272254005,12.2428020189,205.579417859,7.82974738217,20.2204505619,76.0635826738,55.2414016082,1340.36864777,24.4731113497
147,-158.375985922,-6.46115177377,304.587923806,-127998.768962,-6428.37721929,-6689.24677504,-7056.08770932,-7405.59916739,-7778.3338656,-8190.57940797,-8571.27952786,-8847.98703717,-127716.182193,41.5736348341,-127.767051386
148,-0.901101582934,-0.228420096207,2.94115719795,-35.4083322178,-1442.4342823,-74.8526048026,-4193.53772163,-249.394091417,-268.25714484,95.6613377382,-308.486496726,-328.162578334,11.0140949056,1600.41810042,-0.020408968908
149,-6.87917935076,10.7297012762,-198.082359994,-2.71014164362,1181.57841225,45.7922353958,22.2621367404,-32603.2507699,-11233.2796872,-2125.01318001,-2194.5091771,-2358.87868749,34.1637788018,-172.805521227,-0.21191531698
150,-4.71736675905,-66.430444035,-7.28939618183,-23.7851711795,54.653226785,-4751.30044068,-244.845530869,-194.862531458,-220.898275486,-250.951813225,-278.449826616,-549.383274682,4393.77231509,-11.0449603749,2.84743595215
151,-1.85605539016,2.61210518771,3157.49238081,157.534593706,-970.154941467,127.052514095,132.921648488,0.347244752138,-390.986917213,181.181212415,118.765932715,165.815147539,-20.2324056815,522.054924117,4.33507645039
152,0.157345548409,7.54390660939,-2.22491785971,74.8176628522,42.3200294559,-82.2250426061,73.4235434615,1.04007018523,4.42286554717,141.077894442,-1142.49151563,-34.7049932466,-1.95974895032,268.810019656,-10.5048795572
153,0.163307548985,4.65551451741,829.608760946,111.318287284,26.38009988,63.5984846041,72.4751173687,405.748041127,75.5441063304,81.9305091145,-124.550189538,106.419312391,-5.33314890879,160.391673199,6.19308994537
154,2.14329788204,156.214344796,4.87374245375,-10.4710423528,12.4553523469,8.67650400938,-18.1431178096,2.03018872113,-21.0509439381,-30.0258535049,-99.4087253712,58.7562332987,-1.18054149215,5.50323578124,151.580445166
155,-6170.67506822,-313.085236411,-315.27173464,-336.929053949,-383.251978888,-376.64081158,-395.41611404,213.947960123,-402.581516134,-433.405692178,-706.697534483,-462.103730439,-549.984838912,2.04322371289,-1.40915724871
156,-1.09849209985,-28.3283943191,1.45556913605,-3.4018338493,-8.95844801752,-52.112773234,-277.772515067,-20.1656611369,-46.2149195528,-80.6828124043,-35.9158187473,-50.2299015121,55.4044087647,8.62967214113,-16.4471506616
157,5.71838142789,-84.8719710872,-220428.502918,-10990.5221774,-13914.2885623,-12177.2217176,-11552.206043,-13462.62996,-14054.4223216,-14888.0264898,-14937.0632211,-16376.546344,4008.79898929,-2434.57333232,1.71268595445
158,8.95433348604,336.109295878,-1.0520061617,18.3158020385,19.3438234494,22.7958555493,13.2105010245,23.0013274073,121.944161622,39.3149054972,-2531.27043035,-90.1704816872,-41.1019121004,1.51352955445,-5.03287327386
159,-1.47708653802,-126.571044329,-94.6496432314,-6.73901844694,-11.5271612971,-41.8417273977,-32.6258586901,-38.5128152324,-42.8051942109,-27.6282053053,-22.9519912056,-6.76979331784,-29.4750315039,7.29429150262,-22.0756487745
160,-32.4088778763,-3.53640358361,-39.7962104767,-21.4377866529,-3.3817733158,160.825258589,20.1052764768,4.23796322396,35868.7692842,1795.34008848,1878.03554887,1989.69482568,-128.48225386,-0.977889192267,0.0837451457359
161,-1.06903398849,-0.698879497964,-1.2619573739,-26.3761647724,-4.57022380357,-12.1209725468,-35.4829597876,-2.92399856098,37.9593391724,-45.1313262147,18.5889227662,925.726799702,-29.358504728,5.03657651865,11.6272835874
162,-0.256694789296,-69.7041334544,45.9784572596,-19.8760278735,2.43667469519,32.9055146761,-1.69318579873,-4.25528882424,25.4121948175,-1.76218476183,1.16414720093,11.1499670042,10.8508937025,-10.3252483746,465.105108982
163,0.28051532448,3.61031755005,0.594877742659,-0.399477812869,-5.2759217576,-68.4783484634,-9108.68771061,-454.38465495,-611.575293814,-655.75236577,3723.32563263,-360.149899938,61.6123180153,-19.537481628,-1.23576500527
164,-24.4779644999,-9.32510237387,1.44332159446,-18.2804872213,-80.656307502,-7.53541187721,-5.81019625074,810.375265203,83.3518634754,-0.645792282897,-131.144565116,58.8296483791,25.8112300081,4.89931876708,14.7883029793
165,-8314.86636285,-414.853978907,-432.409092018,-454.678382617,-476.157049105,-540.027432659,2600.26626329,-395.019356943,-415.305572759,-325.843318098,34949.3349276,1288.58752234,-797.905339247,0.691584517624,-0.616609658407
166,0.904221092542,1.06062109866,-6.43971463711,3.95229810934,16.5108798588,-1490119.91222,-74507.2590248,-78231.7723513,-82142.9420373,-86252.7926491,-90560.6895031,-95226.2408409,-706100.233596,17.4988476009,-706.194513976
167,3.27513056967,-4.25904915185,-23.6754436145,-10.2065747141,-14.5400026288,-37.971663111,-12.244145335,-6.96804964059,-71.9620857983,-25.2218972133,-11.8038907428,18.889643855,20.4686832827,-5.35296379425,-50.7733702466
168,-4.67971271954,2.76966607359,28.7271076932,-2.70787070987,32.0499981652,-80.7208205581,-658.41049917,-32.2984554334,-55.8090034387,-504.724246251,-44.2336002831,-5882.09980248,78.6562211212,-5.95871249313,-1.25010713828
169,2.56803933762,107.362986176,-5.85384116828,-120.189477304,-8.04314997033,515.881486141,-178410.137149,-8893.78028828,-9194.75657548,-9797.98804658,-9073.92453638,-16239.2720331,339.227076871,-2.49941422679,0.424162350807
170,-0.293591966781,-1.12782415367,13.5123327213,-80.3745815633,-62.2738964016,-608152.476655,-30411.9970932,-31939.6892466,-33144.8487022,-31063.7772485,-36598.1805519,-38560.5363603,-226000.377312,212.129645428,-225.758613557
171,-0.127526168079,-34.1480470717,0.153989917147,-0.540119574152,-6.70656840003,-8.53193698001,-0.785281657711,5.82700825691,3.01341605965,-0.030764449046,34.8203747533,1.52443444528,8.34611528297,53.0401585063,-1807.86251581
172,-5.15899688388,5.74523711152,-6.67450940729,3.93078683239,5.01546719912,1.87036476572,26.7141067215,-12.4543789713,299.196780729,1747.03603855,104.938355273,84.7130377227,4.99665236236,-0.312063509945,4.41797398045
173,-235.086800021,26.4236598553,-9.88026643558,-162.427103748,-37.7101792888,-28.5664675486,2021712.86042,101060.526914,106115.228089,111421.230043,116891.840039,122838.547486,-59.6427041746,0.539283605789,-0.0143821250527
174,38.8727697727,6.11443949458,16.4160884231,3.60303263773,-3.49825800959,-66.205337224,12.8502874532,-454.127659904,-20.4825036711,-21.5129866189,-21.3171168954,-85.9288602455,-61.6759550261,1.01367455113,-16.8100916419
175,-22.9738362687,-21.0604291573,-8.447952356,1.2661855696,-30.8630543513,-1.06927577972,-45.5248747639,-3335.65714514,-178.486219142,-196.758959517,-211.043550026,-207.571704292,-0.122423242147,1.4912924529,-2.29224219106
176,1166.66929832,59.0813953665,60.2474175537,66.8081593239,-181.642946587,56.6571320389,54.5751444905,42.645118497,56.5820477802,711.268708483,15486.5211889,879.389952831,-86.8559022911,-1.53655048464,0.488338774666
177,-1.6082475125,-14.6315956715,108.235920611,7.53797509837,10.8454318758,-2.51297235085,146.893471944,16.5019014932,21.071553703,-173.932575611,-11.0822487722,0.495836472936,-2.33639800008,-6.38324006477,92.817679694
178,8.25586738268,0.889631284124,273.686499419,14.7222888012,1.1608285614,33.723345771,21.1934904847,12.2388624552,10.3933823891,-11.1213332432,-13.8867135882,-2.19882143318,30.4624358084,-1.51397399116,28.7069816177
179,0.546474155804,-0.0937230815812,42.8903251557,-17.5544494327,-50.4436271886,-854.12192384,-23.6100402016,-78.8642478871,-44.2444950879,-47.8043818462,-36.6677792921,-507.78826328,-862.633573453,-93.110251717,-7.2248086307
180,-1.30938460579,15.8778314239,-2.93984956534,57.758013743,-155.476033234,-13.2639144852,7.15910756837,-202.123711202,1.8007879448,-16.2434604161,-60.909963413,35.791331325,-44.4894912348,118.435700715,-29.7554132473
181,0.948212937579,-4.60026023668,-0.287323313029,17.6003280594,3.00626558156,-46.3159224721,-8.71290454473,-3.96707758446,21.8224362921,1.43282357955,-26.5619581041,22.5856954804,3.2988705984,2.97135173046,-433.906629229
182,-0.322895444865,-32.1032214537,12.436931448,-6.31489812212,-70.7378055916,37.9396232853,-2.59069005015,-250.855047477,-14.9531441547,-1449.7735966,-89.6522535001,-156.622083883,22.965556202,218.770036359,-4.59901607842
183,1.38594254438,-80.5399568651,-1.43852227154,33.4698159684,-126.114392954,-7.74172470509,37.3636890217,134.651797669,16.2001938703,10.5182001195,16.9913483723,18.9824932534,13.5672715994,-91.9075917409,186.141505663
184,-531.699506796,-27.172294139,9.07984663457,34.936769517,-1993.07900367,-71.2484611823,-164.37786577,136.344045639,-170.956593465,-135.982896798,-155.033705415,-31.9514700961,22.825678512,4.60331438993,-3.18214936975
185,-1.44216763854,-0.209672321048,-41.6954655472,-2.53891919956,3.93009760759,-7.93721182084,-174.321093926,-25.4428729888,-15488.1511889,-803.426109741,-673.492653367,-88.4329200893,-10.2551854628,-3.15632932187,-0.536273781989
186,17.3693386985,4.08906299914,7.71813329326,52.3396660588,90.2018104302,11.0659878278,69.8022021357,11.3971295076,15.5064955181,1620.30232343,9189.32395231,528.024250378,-32.2244288867,3.87455030647,0.610799989801
187,11.188302241,-3.35809354341,-94.4866211215,-1.27910782643,-172.113639779,-5.16873592177,-31.1094004913,-6.90501746551,-590.598842072,-5356.77297279,-604.286939335,-422.560698953,5.96705971036,-15.0310254224,-1.54352218028
188,-2.63554037182,9.76162954633,14.5848299956,-0.984890582389,-1.11512424643,6.32762953195,43.0637193999,-78.2900969729,23.6308512241,-1.1178630006,56.2040979442,-5.73744990708,-5.0444427626,-1.32450211123,157.119694905
189,1.99637592335,-245.085792161,-12.4684178221,-14.4842340921,-771.832323489,-61.0205677945,-106.953580725,-111.021659931,-26.0478128811,-62.5834090002,-70.7796012664,1773.47529414,-51.8743425871,-388.45874753,33.6972424218
190,0.243648463425,-2.86658177789,-0.225863728767,-47.4487939988,-3.11226714726,-9.67566769814,202.153651152,43.4077146194,426.468509039,1.95857176897,300.176741881,134.869293092,55.0258655537,-12.8410912995,9.53380465655
191,31.9398345891,20.9116610195,463.799522121,82.8394598836,28.9251118947,-32.7980732818,32.7858613329,-164.544026783,21.2519484197,210.860968868,605.50052899,97.2944176519,-24.8747272037,0.979372158578,6.98269827514
192,-15.8013525496,-0.746845801566,-20.9297147712,-12.1897763983,32.7068907189,-35.4333341685,-1.52158651712,-1.39154242355,16.9462052167,-121.945966358,-7.89606819843,16.6920736229,-35.9867609706,-0.965473936871,-66.2064676528
193,4.07975422739,0.0552694470758,360.604455423,-2.2535977387,57.6512871472,17.1745917616,-1130.97790766,-24.6284706524,-48.7235940843,-14436.765519,-539.87698932,-790.505201506,14.8259655783,15.0155395312,-0.695166001727
194,-2.81386596442,55.7371016086,-3.41821873359,7.86715088382,1.60478414231,13.2609334402,947.293979978,27.6218417558,-38.3033488698,53.1942066813,82.0554250684,-2622.45168563,14.5683721396,-1.15132368105,-6.82705131847
195,-0.00481818882231,3.76242452963,-0.324854142147,31.0435221297,-3.64176132315,-44.7399769783,-13.105402134,-6.26610226581,178.147180746,250.743115448,8.24058514928,-14485.5443325,11.1695669077,756.514947115,0.135102779246
196,-0.0144173382691,4.31120248207,-6.87448493094,-1.73406560675,4.3295692471,54.3669235926,3329.05321497,157.798852436,193.680681394,-444.102432087,155.856617317,292.656940621,-20.3437292983,-302.110271702,2.49897756309
197,25.6837008593,10.0922363984,3.70263167977,-847.261052983,-40.9252620679,-83.9114530749,-53.6886479421,-53.6194715698,-63.3121503779,-46.7435753952,-66.5978482794,-949.214442817,754.310358445,-0.919970391097,-3.88054674874
198,0.133608062423,-71.6646261092,34.8440594079,596.896285323,-27.0363305514,54.2087085196,8.69578272037,10688.9228239,2336297.96417,118056.753555,125832.2248,129568.10815,-549.926804127,-202.104286802,-0.815038303395
199,15.2814182618,6.20222729763,-1.41312411197,-6.48784619542,718.141203819,23.6599594493,32.9155309543,98.5474933921,71.3076393295,18.309913976,224.727866301,198.209669045,13.8025111601,46.9672354788,7.38576916908
200,-5.71776543145,-1.8007270408,2.03982663026,-23.2601824351,-4.87200467732,-2.41244504287,-606.569740457,-37.0065935061,409.170296536,204.433009017,-26.2418835553,-25.7027629368,5.9727655894,1.48259841349,-84.6448777976
201,-20.8201327083,-1.58228143471,-2.20790977721,1322.96921417,63.2265723659,-1.05955535813,-7.63414424742,53.5099559092,2431.04381976,177.665485452,199.917410312,202.918314573,68.3670269619,-4.05977044014,2.5671533528
202,-16.5437616927,-9.65176908573,7.49121235267,3.93599544218,-7.41504190994,-405.13550582,-30.9152743184,-4.18521469836,-113.432899815,-46.4422276411,-324.749908362,12.4206722349,390.227682588,1.98061678593,-10.2385592305
203,-11.4588577928,-3.39341092156,-10.3892713096,-9.52216519443,-146.24237307,5.76172459469,-5.36210120439,-10.3747352171,207.850484855,18.7669079114,-16.8330180347,-19.4243418212,3.46642860871,11.9499589397,-16098.9927395
204,-2.55519621296,14.1058395998,-3605.27135593,-182.920097373,-174.034470238,-204.304769194,-204.023690409,-194.016542452,-331.708278812,-245.670667973,-248.670234361,-262.66900672,-78.9634300012,67.3799515901,-1.78668449595
205,-11.5102551374,-1.13269386222,213.927033847,9.12213408768,45.6190309151,60.6737866274,279.246696379,28.1201540094,209.978851649,32.3667158894,124.282572957,64.4474818114,32.4604716827,-5.16976737127,9.49485386591
206,0.587547879307,1.00501222439,29827.7570805,1491.34392516,1564.27982744,1639.1393816,1722.51149151,1807.05724622,1915.84459153,6137.51953304,2303.91374631,3750.06945384,-2631.66354989,2660.79086625,0.222773882922
207,2.01018974408,-7.02056028202,-6.84769142528,-162.173270106,-70.4633597571,-18.8324872372,138.009790572,-2329.10167077,-311.279145464,-140.653031235,-264.027083117,-159.107952843,-125.086288888,-36.22908893,-3.10069829899
208,2.84661437618,-3.80553595757,-29.4168797289,3.73935885411,3.39113514037,3285.7805597,164.703527563,156.722644686,230.647711812,208.185068355,282.204781236,207.218788247,-2597.58113762,0.319004251206,-0.290645249661
209,-23.1605605637,-1.15922347474,2.97073465482,12.8584585832,1.82959519048,-136.524688132,35.8250138154,-1.84119038357,-0.043882148885,413.641649876,33.415176219,-413.705109285,-49.6801215097,0.0188871274891,-131.956084608
210,-95.4521305563,-3.1711100645,-5.00574174447,-1136.90598279,-72.9560080288,257.934936646,-13.9335471019,-55.9812167197,-66.371004283,-64.7946295533,-185.822869656,-85.802535463,874.360132842,0.546601972614,-5.66480457292
211,0.100515271802,0.120775620454,5.97938217673,38.3640932327,-4.66514120161,-58.7991891462,-6.92426939493,1.94280395621,-97.1628794363,175.914783952,26.5471403155,15.5172202346,-20.2975012634,-46.0512350584,103.168591133
212,-393476.196426,-19672.4229874,-20655.5000013,-21691.9574106,-22351.517237,-23906.8062704,-25111.2991435,-25907.2931055,-27641.4907046,-29026.7255246,-30507.2307332,-31555.8135456,45213.0546336,-1.32297010609,45.0300909543
213,0.134424351134,-18.8472330247,-135747.057432,-6787.69206832,-7128.76012708,-7500.22449175,-7740.60082206,-8247.64805979,-8686.14438069,-9102.39750509,-9547.91614069,-9953.22424603,-9502.00429196,-53033.157251,-62.6041732662
214,-7.39011833615,-3.64746134998,-0.127300855027,-1.85944237932,0.813923623451,1.44437637758,7.1534740687,1.18847719254,80.0500088366,-16.8275876036,-38.913655932,173.339929714,0.363244170344,-1.78304693709,51.0682802715
215,18.1528265329,-0.277253923059,1.74385719613,5.96846524098,-2081.08436763,-90.185882927,-904.433929404,-161.116474153,-147.849764483,-169.588175829,-176.519736129,-236.934525813,59.6782350334,-115.8210631,-2.47585738248
216,17.602364844,1.20410729539,7.46546373833,-9.2184427894,-3.19565318406,-206.133103433,-22.9242733782,1112531.32111,55775.4562256,58400.8353182,61284.102415,64389.1024831,-77.8512890808,0.14667770733,-0.119847907912
217,-10.8779318502,56.2828011547,4.40448391187,-13.0757059271,370.8381182,62.2070197162,25.2807741893,25.9306541344,0.868901275896,21.0491687916,57.046497412,36.5160632392,48.8608728541,-32.4613659406,15.5055407851
218,-2.44824642528,0.689270467934,-63.0550373112,-13.61376778,130.566278525,12.7684662813,247.790719955,-7.77269085015,194.69040909,18.939569322,32.3047083865,44.7010757895,-0.576783498284,-52.802128536,16.8497657797
219,8.69660824585,5.62415458951,374.44065113,9.65352629528,18.2223920436,13.953921778,21643.2210397,1098.99605895,1176.5263939,118.766412846,1234.75300857,1292.63227752,18.924031784,3.15909162724,0.419553411486
220,104.250694494,16.1847092579,5.86571652303,6.45356852519,-92.4136910768,15.4788716495,7.13004260324,59.389128338,-5.14350049222,866.353201384,45.743778405,-49.5743270924,-20.3324464532,-2.9100930664,10.019937401
221,-7.46636569312,49.7677700752,14.9961233933,3.05519373442,4.33452313303,34.9184805304,87.500388317,424.58581612,42.1048428472,77.3117745082,75.0731700783,100.316187414,33.4448624817,0.167452588157,11.1585571333
222,-924.49868283,-46.8468716326,-47.5250531546,-49.8295286877,37.452269298,-56.8829789457,-72.2796152896,-45.7744433886,-68.1851485236,1128.14779742,-518.534262766,3.50150905101,101.479359536,-2.87265103261,-14.9752182004
223,-2.18687646057,39.7166133418,45.052572401,11.711538542,24.9886806843,6.25503096619,5.44137452773,5181.91088424,264.502945106,280.39494453,293.474158235,353.746708023,-8.16393408898,-11.8813800624,1.61124525453
224,0.274926968905,218.845606915,160.91868645,718.7306409,73.8504323061,432.82623027,-31.6763042057,51.9150407982,339.755238725,77.6397635274,337.2328348,117.271837985,629.893471889,266.675783129,4.96947748848
225,-0.17274814516,546.069846791,973.885300277,27.0915281277,80.4236977775,431.652435781,41.5014245462,238.561148787,285.843232879,315.979814218,171.129821984,160.993792256,405.442673362,-466.290515367,3.02616051977
226,14.9826769558,1.44574623195,-0.540888379967,18.2712135086,17.6632311198,-241.505000561,-4.15752948575,10.4686392414,-135.942011569,40.0861278097,-129.899614001,-62.6427021426,-23.9263281676,1.37647454485,-20.9914798029
227,599.291864651,29.4494662142,90.5309544054,41.4079363278,30.9410492891,38.5390702647,-147.359306837,60.855168449,1418.48121583,202.016605668,115.986013161,-34.2593708805,-28.5163359721,-1.90844815778,3.97441212254
228,-2.56059413669,8412.98464234,426.527093514,442.067841333,494.457088713,491.619658247,217.952877143,348.152358615,551.618311197,575.893625117,660.474365198,-13413.3701511,893.632487115,-192.216154575,-12.0364969175
229,0.0069650831122,0.0928529642478,48.8200401767,-22.4648115132,-94.2703865081,-67231.5231398,-3367.39752057,-3540.95249147,-3701.57036357,-4146.7047476,-4101.55176042,-5171.20657106,-67253.9203918,-13535.7683113,-80.8706023549
230,2.00678390908,-4.60532803677,-0.606348597842,1.90192854745,-19.9748127234,-5.37274081436,-322.234302193,-214.700024498,-1.74778638434,-33.4191182169,2337.16401571,75.6495507848,0.301877700359,-9.82399380179,5.57849725062
231,-0.00701464961323,0.00537755474701,-3.69417154818,1.08929526466,-556.412558695,-102.234270017,133.538499936,495.06828187,19.5719343812,-1.31819937935,-120.134046506,-590.425832513,-86.1738073369,79322.5229271,65.5247432324
232,-8.42659501542,-1.89555197707,-24.7375193023,33928.5639363,1633.02439351,1771.61873856,1821.97866932,1961.66544322,2000.52146757,2007.12238525,2267.76631524,2381.75241936,34476.9908599,-193.843272056,34.4902494117
233,1650.1040128,84.4956285541,-138309.864737,-6915.16343145,-7188.54321231,-7541.5233696,-7939.45175478,-8294.5809471,-8709.61097847,-9239.31479536,-9701.98795378,-10106.2660232,4794.74159253,-4.45409304224,4.53525696933
234,-0.635129473801,-2.5041823607,-3.63459310449,-15.5032889523,34.9716294609,-43.2791045283,111.513612335,7.43315599517,4.54374387337,-0.257899059236,-61.9130972982,-1669.36398675,45.9878355474,-54.1910139097,-6.02505086219
235,37.8920318075,2.18658103212,1.29916407784,-268.228705717,-6.07339152017,-44.2438074849,4.84838237156,-13.0762152906,-71.4673192794,-23.9382556666,-23.028899075,-1093.15239228,178.931389952,-0.182652970219,-6.37521223221
236,16.7606416992,0.827371649432,-0.646088428431,2.46823880283,270.092823901,-186.359540351,22.1196526753,51.8458681373,500.528599748,-43655.5790682,-2230.78412599,-2267.33505981,-83.8276480776,17.0890017404,-0.300118490309
237,-4.79309234573,-55.0091846193,-2.35596470123,-3.83462829194,33.6827594599,32.1543756477,159.75912487,-4.86764039049,1308.20182044,87.0484453224,1459.82615151,-1436.06475892,-0.0671057867604,-8.50505774059,6.40467596277
238,-0.871805728347,-0.973953696868,39.3699598665,3.5959277492,-1039.86198643,-52.7729834899,-675.412570129,-546.288704585,-98.4916810512,7.18375525659,-104.293995951,-146.511379576,21.0806934306,1192.95940586,-2.49581548571
239,3.98027462763,0.260072606669,1169.03382863,63.9828731492,37.3182355351,35.8682334968,88.1052843855,-9.39534458991,51.5196378256,-812.402659134,-8.78338518057,42.2245864347,95.4680719526,9.00735525492,15.100522144
240,5.21843583099,7.34399194394,22.3744390304,-3.04716907097,2.36671809548,-18365.4134642,-892.751638194,-1025.55187451,-996.209313031,-847.195092253,-1105.08970772,-1148.12782519,-8928.9331713,-0.446585132054,-9.36615058029
241,-15.3769756098,-17.0163262427,-5.65602871608,-22.3842867024,-3.6247850386,-33.7395125762,2.1071408484,-32.7164500648,-7.00826217969,-24.3213341886,-12.9270196561,-9.28055704135,14.3637067474,-0.666523257674,-54.7269411096
242,1.90405264429,-80.6340643495,-0.756057274713,-5.67537079088,5.8041231135,-6.90875207933,-32.4457318778,10.3097803786,56.2092987368,-80.2265230319,-52.7063932594,25.354365068,-6.22709303341,3.39425538402,-62.6476411394
243,-43.5225936702,-7.97958539553,-0.208721414954,1861.83687917,445.396471182,-21489.1021718,-964.931438946,-1011.90922107,-1145.56184153,-2643.30437182,-1254.66843996,-1311.7605487,-6170.21919946,-9.26413645149,-6.57135490095
244,1.07993352832,-0.386988889545,-1.59873670819,0.325629914174,15.7836542164,-337.613959036,-1646.78918623,-98.4764060052,-114.959802465,-77.8760816314,-108.124189978,7089.58684579,-314.315903292,16.1709725424,1.87217737573
245,-0.348246859965,4.96644327754,22.5593859989,-496.785159791,-16.985317413,350.16329284,-4.78772387806,-9.41131927204,6.60018274263,-43.9564941505,-29.299162338,45.202440859,-34.4348196479,49.130521531,-58.0872470045
246,4.26225471415,0.30313111687,17.0958454237,39.1305560196,5.83999902366,-289.932314342,-18.0944728591,-24.2583943279,-45.6129770188,-16.9230424342,-15.8621160901,-74.9552157068,-238.925526545,-0.261138225145,-24.0011663142
247,-12.0339211619,8.83056803995,112.624115184,181.195605519,14.4417883435,563.232854051,136.663991747,46.2397867808,38.2975670328,60.3779045399,188.393306334,18.1361856324,-622.781178971,-0.038145851012,6.70430629746
248,-0.0109317961909,2.4015295522,-1.46299504753,-3685.46664303,-186.522697315,-192.771831376,-202.948394663,1078.97492827,-160.270218974,-165.804443889,-176.824876108,-198.285580518,2329.14353667,17062.2379355,16.7508645431
249,-1.2217181154,-5.98484333057,-3.23085669215,2.73425910678,10.6511780469,131660.253652,40367.7243691,8608.87680429,9037.33424815,9472.4611862,9944.26950829,10403.8206181,125427.459612,-9.11078340794,125.490690699
250,4.93118116023,-0.526672977637,0.558715400956,-7.29635323625,-3.77882224647,-11.4900017584,868.34510833,42.0935497451,1348.31026421,86.7637136994,141.921606632,181.61725997,-16.2047074627,0.275873669763,3.7645019446
251,4.96478656823,132.840156184,8.57423337742,20.2964414583,7.03393216933,-113.757901317,14.1440728011,-102.089519083,1201.40945308,4.34686731841,19.5991972154,71.8414068196,-58.0747069322,3.02042517521,7.99419259556
252,-1.92412442623,-276.121748219,-14.684429087,-14.8979178427,-18.6105033397,43.3946119703,15.9094017827,-8.59640648302,127.303829958,-1178.16622668,-83.4038290721,-95.1635266066,27.0519102892,8.26811081741,-6.52813977472
253,25.9517296717,-9.49787631636,-1.35770864375,3.75574305616,-0.622423812302,5.5068641345,-8.93801476945,-3.08892240585,4.08647111162,-10.6938995916,-15.7892295773,-310.250943011,-9.23744859542,0.524292370755,-31.2842033308
254,-10.3748155034,-37.5931693762,-1.21171447795,9.45981222906,93.4337756338,-13.9182504102,-4.38520258887,15.4403945792,-11.2570375444,-82.9952901921,-2.28150984978,36.5564417233,-4.37011789683,-9.80384248143,-1095.78808362
255,-1.45918643334,3.77813814992,-0.528759086798,1.6538674205,63.6502741137,-162.67685648,304.814439763,303.932445536,133.210143805,-15.9356593538,33.7587217499,1459.63195686,123.136864772,-44.610711388,4.82021604357
256,3.04336638351,-2.34506006163,-27.8775543231,3.41735693733,15.0643428869,-1.80251436535,-0.80732246875,-10.4649404971,7.17757597337,36.120786288,-54.6285573343,45.7345171141,-1.11156221332,6.47264244901,791.868445305
257,-63.2420509594,-0.547224721616,-3.18445231929,-1.8528854801,-20.4053167905,-8.00639424033,60.9764053792,-33.0569477065,66.1058967492,-2.09544985271,42.3340606441,-25.5198150171,-8.31312299247,1.65265880338,869.118861377
258,7.96061632689,1.37671651245,32.9762453749,1502.02529054,73.1886954784,-621.935008537,-37.4633966219,420.476277187,89.3750322473,-204.101324045,675.805538498,128.28056665,106.136133454,9.04933683033,4.92000415978
259,-5.56739784404,-0.298297718016,-3.99566332312,-1.40682045955,14.1098162696,4.66791419355,45.3268975325,-7.03675850211,13569.137873,843.778000436,726.074299754,758.609415313,3.13029016748,-2.40022332284,0.477263090243
260,3.93783518804,7.88471107779,8.23547642667,414.161261335,-31.6347083711,-140.350976597,3.39958476467,8.27884599092,23.0538443782,-9.49565729099,81.6595280631,27.9420535094,0.247870713196,-8.27481165621,25.2699217155
261,201.016635441,7.57584786607,17.6573120872,9.05561220146,-77.8229168206,26.4614494475,16.2906404882,-272.042822296,25523.5688069,1147.48642799,444.578439767,1334.21340389,12.3772427199,0.357336565477,0.361903763198
262,0.412452609271,96.9242928246,12.0870607396,136.277525918,-20.7877145592,-66.5768523797,-4.57427973688,18.7481772392,-57.7305784154,-43546.1568265,-2220.92665921,-2304.28474035,-61.6342385245,-50.4707843581,-0.448155463418
263,111.772169092,4.78088573319,5.14492465226,9.53160626227,15.870422466,33.9047504147,6.37787067165,8.18789755977,46.8260133916,-130.947079236,4.43259617291,-24.959573397,3.66025693307,-0.383144876798,110.0715161
264,-5.93911735619,1.01845346552,14.5128120958,61.3854393446,-50.7856817044,1.27431250342,-3.0220735135,140.286995373,-1608.66268386,-93.8522502395,-425.222017614,-145.525265016,35.5419774706,7.05488885731,-4.5744904143
265,-11.3476699438,-0.547026058243,-213.828149886,-13.6451445163,-287.797933996,-93.9352848638,-31.2769819691,18.5615413894,-50.0065337203,-141.760599275,-466.75186717,-52.7464156942,-72.2196186148,26.418827183,-7.44122313119
266,0.642581568726,3.9892916572,11.4817601326,-37.6188329808,-1.03906915445,-0.719673481294,-30.7160879021,23.5255074575,-6.04113044219,-831.593930331,-41.1298722816,-22.0504364569,25.3988305886,-1.59603810533,-10.9210530044
267,4.5706410128,-77.4210761293,-2.8259480829,35.8920949666,-2.00921617016,38.167844467,-8.23439584651,39.5912065835,0.129697597564,28.81027234,9.21775113443,34.5747585614,-32.4843592374,-1.18749687021,99.5762587069
268,-7.93576756533,-0.609030025967,-12.8485300527,7.14747847642,4.74179112078,-5.74193402233,50.5452025755,-13.3355238881,40.7754486948,49.3760202852,7.27122937919,-16503.4135953,1.15663196849,-0.144084836446,-0.700863406154
269,-0.949554441217,-3.61695685545,-30916.3960477,-1544.64619791,-1624.49609309,-1719.30565527,-1972.24471035,-1986.62853706,-1984.15464558,-2068.19792509,-2255.2793977,-2365.47097225,-1647.39974729,1709.99408684,-0.246850418218
270,-16.2043885314,-62.2363486069,30.9877188027,14.5588898687,-1.68220128766,-121.441626974,-8.95505329672,47.3236875314,-10.2151105898,946.986028067,52.539182664,104.38640249,-88.5852735492,1.37989531481,9.98027801144
271,2.95999164727,0.170817294008,8700624.03353,435026.760368,456778.862029,479617.920791,503594.559331,528889.490332,555192.117316,583429.88374,612196.748707,642754.997962,-138538.07587,154316.349976,15.5949362808
272,0.44005625727,0.339243214574,577.08458791,-253.115616974,15.370821198,25.4762190675,24.008558325,4.76165108373,-299.838819436,-2.49525741542,102.99341439,73.6438581343,-213.475805786,33.977199566,37.1271885562
273,1.76004958849,-44.8222022777,-30.6406337013,-3.75138886651,-6.39266028,-35.7816548751,-21.25218681,-197.463552965,113.410195287,-16.7165777938,-1.23603468516,-606.504491786,-26.2009207073,-4.60974766009,-11.7123186346
274,-84.167398626,9.78946147238,-3420.26843967,-191.276556595,-174.263304423,-185.373095545,-203.007661586,34.589675647,-107.41837421,-217.939272102,-118.126091012,-243.452424965,369.841630037,3.79814668248,-1.81129305787
275,-0.974257313742,5.77668582673,8.6564583798,0.0793189487138,1.61644613675,-29242.598452,-1722.96183504,2029.79285657,-1453.99848793,-1420.28139549,46184.6750236,751.000550605,-25593.9609392,-3.68928359448,-24.9733236966
276,2.90352006486,0.000569123576594,-6.20961812448,0.248609766961,-1.90186974954,-0.175886505384,27.6865647304,1.95374076935,-37.3555413685,79.8411825339,-7.62667537098,-15.5023599496,0.072723196991,-0.840572542163,227.799087774
277,-16.6193541173,-0.0854881059848,-4.60471045655,2.16231628783,19.9882525582,32.4401516703,-12.0672506721,41.8105949653,0.486555425356,-61.2275381027,-9.88350155032,27.2588354667,34.5282682048,-1.65151583255,508.743353506
278,0.93621116812,0.91598139674,39.5558232795,-20.1890836087,1.61459701243,-41551.6368533,-1969.02795878,-2042.3706416,-2276.22989886,-2398.14676356,-4188.34743196,-2697.41190842,-25264.4888232,2.32909280877,-25.3497505325
279,0.0728390518008,-55.376436406,-161.366786594,-10.6702286966,-11.9794064329,-23.0379156449,-2.18300365021,-14.7633143462,14.5370032504,-143.77672945,-64.3342800969,-68.0660806353,-13.4532078102,-164.506126655,-18.6896901783
280,-7.33637258399,-9.09337472577,-16.2504661784,4.77472592326,-447.550483735,-135.037469479,-136.852674129,-590.50665921,-101.083666919,305.292967649,12339.1289511,-4150.79453343,129.385096706,61.3390309765,1.53978590543
281,0.237895663854,-2.76412240556,-15.4064494435,-4.86043728787,9.90871904859,-27.7022478863,-8.79480989709,-40.5801150514,-2.56869872379,-45.9196854485,-40.3717500754,206.482712804,30.1498673143,42.543832199,361.673797047
282,-0.482303397907,-0.235516023427,-4.00415334329,5.89154177151,4.83730346075,-2.19708228881,-3.44007874824,-53.7636218432,-5.5612996234,9.98401557394,850.805711866,36.466371332,3.5965985631,-9.53284231143,11.8565203088
283,-140.208412625,-6.37973267998,-9.9351982789,-7.92747103699,-6421800.76243,-321095.469832,-337219.09415,-354011.698983,-371928.713625,-307031.63978,-405664.137136,-425971.114618,-284530.990162,45802.1392935,-238.800681267
284,44.4104166648,4.77271397342,23.3308418907,4.43262401512,4.95414769348,-44.8805008484,-162.916067477,-11.8949674421,-1.70659105343,-7.68263809752,-4.31022493189,-594.681068624,-2.63852775621,-0.612269181601,-13.2095278401
285,-4.31419688354,8.6273256956,0.825564755796,-7.88886100961,-2.28535048023,10.0703125918,86.043588021,20.1155336464,-14.9631993816,218.650666184,58.3903187101,-22.3983377745,-1.5202425005,0.0107576514648,28.5683779024
286,-0.169877549623,-61.7900073929,-16.853036652,-35.7517775218,4.76182678454,11.9892217277,-21.5971783277,-6.877783241,87.6352188527,-27.8928909532,147.920902235,37.3552244771,-11.8934183607,-28.0207277613,84.094860227
287,9.91342064239,9.12828318357,-11.6932007517,0.0438179381707,42.9794471402,5.59227798678,1010.49751618,-27.2277520198,51.2325387712,59.199463643,-24.0837469423,94.3348862921,-5.45594787053,4.94404308941,8.26967278137
288,9.00661314652,2.16607151311,1.71841993661,4.15918821987,10.6291817065,-11.0219164299,1.01846315774,-84.6161774236,-6.12123037058,489.195130818,-4520.10794134,-1558.51178898,3.90836275198,-0.330428559658,-1.74473681261
289,3.40671181601,3.90846497946,-0.879200056191,-11.3950273742,8.48360196024,397.595650864,9.13612106717,113.53793273,1.70072050103,40.1739856763,26.9955159743,34.5757582806,-275.813648656,3.24905975625,15.5337700273
290,-638.397897622,-33.687906955,-49.6900588887,-42.2315911536,-39.2885013236,-45.8993995161,-46.5658584588,-21.449385056,-58.4447183371,-84.0320665003,468.622882302,9.81840156381,59.4564123351,1.47223080984,-17.2368458538
291,-0.135361907943,1.07157020872,62.4258299786,-60.5183481143,13.6618150744,22.7107136008,41.3099794247,12.6446311906,663.594012987,959.675765967,330.654045952,97.9423058292,-17.6451069599,-102.19136663,4.56642004226
292,-2.90890898636,0.635056178906,14.9009958625,4.48532224287,14102.7349722,227.443761739,719.39357552,333.970252337,827.557641197,737.246731658,903.72995832,1109.45566885,-131.076471968,-4848.51867054,-4.3538133395
293,-0.848195792848,-1.10987217757,1.11114917594,2.62722921921,-3.5227702342,1830.03653778,98.6819674752,80.8371823664,94.5977903546,-59.1453367806,-259.797421313,8312.05460915,809.337508662,5.25076077177,1.98180120449
294,-0.388552431304,0.115691278108,2.56920673768,89.7909949333,76.8123515345,26.4527246967,6.78064535301,20.4672088813,83.5544196623,21.5251457395,-22.5389741102,-84.1551492552,114.096503444,-196.274273516,45.081219858
295,-0.531703330638,-4.12286935606,0.0947167841474,-1.66585571523,-310.101579433,-7.52992446268,-24817.4927492,-1273.00596322,-1326.54067806,-1387.14306524,-1446.17216662,-1007.9428787,2.53616224688,581.912484226,0.361971125564
296,12343.276114,617.38873229,635.705338737,751.945375003,784.417727194,760.850789852,794.342257129,834.129565956,763.112501104,925.049956462,970.178420566,1095.62963859,-1136.72737488,-0.480648984169,-0.50693772882
297,34.408135008,-33.7089468931,0.736391596415,-266.648155806,174.146816214,-8344.24316332,-426.93509101,-408.594621436,-520.646049502,-466.124138876,-843.660073602,-500.876986777,4486.67944768,6.14650649889,3.71846283861
298,6.45021025202,-30.0049279373,1.92294912872,-1.52136782946,-3.1480294617,1.42390027365,-246.774478711,-6.75678089952,-144.334287941,-51.2802447251,-42.4714205911,-18.9391517962,-0.0158117369585,-0.159469539933,-18.5235832133
299,-0.143203773519,8.16977213508,-1.12009770159,10.2255359643,6.785580104,1.31710554568,-8.86799296926,99.9332363408,-9.42314715301,56.2131790788,0.673138179412,271.788451157,-3.65914226934,-47.924228032,23.0106288289
300,-25.9977710308,-6.65739215826,2.10591969502,-7.99329485723,11.9445844791,-3.12018764693,10.3714815009,-631.058494046,-109.144026862,-4188.09566104,20.5882096269,-419.341311666,-10.3921896085,-0.957277764757,-1.72659508136
301,16.0417225759,3.2830302157,-11.2725889979,1.82417589832,-11.466436025,-2.57579799602,64.0063371574,1.50878676781,-0.398730884811,4.46126896087,7.14204757234,-16.0418310856,0.745282643594,-1.09023546187,177.150858076
302,-1.3973518798,13.6273493085,-0.632523583329,-4.30710536282,-5369.59964356,-260.941357254,-284.608138507,-300.773773673,-312.205078214,53478.8075662,2003.28592698,2393.69794118,104.212448852,3841.97155681,4.10268650755
303,-2.04544607147,-100.015871583,5.44625189764,-72.5893509922,126.929420576,-177.043826316,-2176.5458842,-365.927991729,-147.744786636,-329.201958207,-123.992584368,-173.562823104,-199.92775157,-61.8657554388,-3.11798457896
304,-1.63690183044,0.46907900822,1.55225555816,-3.00809546602,84.6160622582,13.8123037829,4.68996176458,2.26434908054,-56.2296368073,-26.1040982133,-113.623973431,2.62897052709,9.18992281652,-51.7932714798,-110.395564345
305,-28.3607333402,-1.6820557835,-2.01652672871,22.2483232088,-6.90102313647,18.2891505534,-4.16447113362,4.74310934493,5.42977511602,-56.1970939354,-45.1793763173,47.1447595099,-4.77878904924,-1.07295573225,-214.204111218
306,-2.37169907698,0.750865419048,2.10460464991,1.09560044786,-12.7380049515,159.646009411,-190.049606133,98301.2814589,4937.02043476,5109.53848227,5432.97452984,5726.15340181,118.90537905,4.40578085433,0.101135738504
307,-1.12500521619,-18.5586913625,-12.5235717717,-77351.8879077,-3973.49697244,-4081.82364907,-4261.44552472,-4490.98489432,-4742.12488933,-4955.65295612,-5215.13086536,-5450.84376429,69802.8309444,3531.16697376,73.1912266786
308,0.0240984016552,-8.19481585474,15.9003205191,-2.20621294062,636.052154256,-155.729662593,-3977.431305,-237.572331276,-213.281562291,-205.009800087,-838.125371585,-268.566222528,-45.9511843583,26393.0937232,24.452619344
309,-270.996011705,-16.0813090615,-17.5620331975,-34.7932493108,-13.5309219923,-15.6874798893,-31.8486548417,-32.1170573008,103.704764333,-4.198136579,-9.07828184764,0.670787189199,46.7497986237,0.0158234151464,-29.3268216266
310,-14.2687777492,-4.97002127625,-117.072203507,-28.6256452691,9.3837830149,-13.3864527986,-3.81868659801,-9.77016370019,-7.18024778624,719.371834426,28.799985119,29.0505107511,-10.3226473797,1.40263289933,17.0448897198
311,0.474766275969,107.977842637,1.00599953032,104.531340822,12.6067512195,2.77969600684,-46.5996954361,-1.51892329336,346.970476925,23.3441859094,1199.01621134,163.823697137,41.2443553874,26.5463224757,5.29117098853
312,1.74578803413,-0.0996622018031,15.8777700883,28.9016295688,-4.90469014136,3.41948374104,31158.6729531,1555.35764697,69251.1167611,5097.55258177,5351.11347542,5629.03123315,32.1445709383,-3.2145702615,0.116137872943
313,75.0434599221,4.25459831129,58.904873895,53.3345373378,229159.849008,11453.3217979,12049.4981679,12637.9094379,13159.6765365,12329.8270791,14555.0796432,15687.131489,6818.12647896,3053.59527333,9.91987033168
314,724.356238191,35.182513766,-1886.13091931,-63.1657636725,294.149792795,-43.6593548868,-206.374217678,-1.95413398161,-2.85435754518,115.799230017,-74.0535771092,26214.5581831,64.789506613,-0.438638655197,0.54957612773
315,6.56327850028,-4.69566254427,-1.5586471955,-138.248806449,-6.07346140444,-17.3238598393,-8.28294172906,472.265960763,13.9482341892,14.2145529563,-2.93875302085,120.054869487,1.65728033292,0.529738842688,22.0776534769
316,-2.39332526014,-2.35632926,2.5598541758,-49.4816130689,11224.0024209,1612.3781849,637.116690997,666.751043124,-95.9421113057,739.252072675,713.063137967,775.697615037,-1326.57011896,-4688.61916046,-5.55120662836
317,1.55869405984,-83.1093410935,-2.9356646241,-2.97486486249,-3.04044002643,0.433566459124,-51977.1285739,-2533.09374004,-2707.18093988,-2878.03028043,-3012.15632205,24730.2075873,-0.354177259415,-3.68274657224,-0.148064413531
318,-0.586724607335,-62.4061068455,-71.2009130725,422.623662197,10.9184165111,25.1722657581,37.3546509768,29.2813119556,20.8495482052,87.9757856801,571.699865932,66.4087539487,405.778021775,-19.7525214718,9.24569976288
319,0.696596527033,-21.8314780649,0.818440187807,-360.789843282,-22.2662973229,-20.2057124158,4828.00576914,227.919464542,2384.04868608,349.616639159,360.600059141,-131.920104827,377.404628364,-32.1146666876,1.66200522217
320,6.88626770881,-11.9796730077,-37.4675561535,-162.832027974,-9.6068847264,72.2691794426,-2556.66551074,-135.466041204,-167.200828792,-146.80084497,-124.158018886,-234.68782384,-75.896508724,-2.12428788342,-2.75573247977
321,1.34168504744,1.91241243578,1477.4570701,70.4318963945,62.1056576444,46.0885446743,49.0144748866,-100.968482082,85.1128927014,98.5184530291,308.594758861,87.4007843303,-45.7743108772,44.7867473428,4.7830693338
322,-0.670648947599,2279.39254626,82.5079691953,117.321947203,49.1664275916,104.330580503,-4775.82700494,-154.83524418,-229.794921878,-105.265985522,45.9059468779,-207.011068365,47.5580243149,-74.9877675492,-3.58110573556
323,-5.27518687888,-2.47649525918,-9.86337967311,-13.3263642005,-558.401500812,-59.5800198034,-3254.03374006,-204.064316159,-194.760664665,-217.713838469,-223.583532515,36.4746243841,72.4917938986,106.590972161,-1.9530368039
324,-184.280377432,26.1651326104,-25.7322397919,-7.55140829618,-59.2905899616,74.564760215,-16.5007827773,-8.82353892817,74.2747678806,-22.8380917028,-31.4743190445,-64.9491101542,37.7110279083,0.739003279545,-40.4246705116
325,-17.3596530905,-1.07411171941,1839.42932097,100.390366854,10.5845485234,74.2781529786,101.405718077,108.79267226,114.914323321,112.867443965,123.507058969,113.880644023,84.8525871176,-2.18107876947,3.82512944281
326,-0.0213919400768,31.7698735942,-4.50958675979,-1905.21048669,-91.5523434469,-107.233143918,635.02284024,-916.242148502,-128.227960922,-128.603418804,-618.427394707,-166.419669316,-1943.56085098,4281.05293095,-0.618111544595
327,39.8727329297,4.27940726158,12.9012823394,5.73647213349,4.1665693273,12.5256897946,660.895366828,62.708476946,33.1305595499,-9.37491069124,53.6398926614,58.2051266864,-7.59328861869,1.03915608053,10.3477939395
328,16.2644005956,0.737477917614,-17.2863754941,2.73038879294,-30.7980403251,-6.63274443911,-0.161805063744,-2.81066296544,1172.47468588,662.819595052,138.716613351,100.623722942,-2.9678267757,-2.88385994326,4.97420390854
329,4.06920961451,-8.35219784705,6.8609890791,2.45999131246,-2.68600494086,-215.219152038,-29.9822922938,-26.7854262908,-12.510303621,-95.8587717439,13.3383877521,463.47982249,102.170590177,-1.44067134952,101.271903148
330,-33.8121304147,-10.8579199073,5.24011713207,-2.46222153882,0.184888871972,88.6717968993,-2.7219979987,704.253869559,13.0702360205,52.2059111787,-621.686119245,55.4682785649,-11.8454715493,-0.968670451398,40.4464911808
331,3.27035322256,-4.71173904017,10.7254896079,5.61516293943,4708.52995765,174.049994696,179.965750809,307.612850725,278.482028736,-451.316661061,248.59593825,270.574762562,179.664232521,1439.4534636,3.40517448904
332,1.19116019281,-0.202822501028,3.6161392028,-0.100019693592,-2.06012175211,-0.0478751213344,-2.14270969023,-6.39038356143,10.5431719254,0.762807978755,-284.504379011,554.310435672,-0.14480157593,-1.17193444507,36.32327672
333,-65.3976384343,-11.2312035336,4.80217535874,12.697181921,4.20405413701,-0.966029724115,-2.51198385441,-8.102580437,167843.252706,8386.05708401,8919.44636156,9259.6007392,2.69071517178,0.477312845155,-0.0761580198785
334,-2.17020972652,-0.392817497496,-9.3873656881,-11.207884972,2746.94402206,528.171628959,607.205269405,187.647334231,1162.02256398,-12537.9500142,-359.252588649,-402.862285974,-364.791846033,-1265.80749129,-2.95363340696
335,-24.5413950416,0.0284799769942,1157.59746977,61.169557886,306.028907674,75.6671207626,-18.4899148319,97.9840944236,84.1460236411,90.9369648928,113.93447839,3932.96953614,129.252048606,-11.1113531559,1.83401083757
336,-0.653426261539,-0.327901469925,2841.46030346,143.095178999,3735.46195541,328.229333661,351.797661207,342.198743326,383.366482731,394.156864809,667.760658954,452.482589384,-454.75206634,-5717.84643602,-5.12355154488
337,-45.6005557165,-16.9059127801,-5.60687357615,-6.50561651578,-1.92707660279,31.1179886099,4.19203265817,-6.12776971923,-12.4390043037,-86.0217417588,-25.8040756978,-20.345416103,-8.92131483315,0.102357117363,-52.0601477068
338,-1.10966048097,3.06020204604,41.332862913,1.9566515496,16.726349054,4.58769283263,-15273.7018799,-1248.20904303,-957.090802614,-869.000484522,-941.806420487,-969.544052243,-6.53066667147,-13.8546304346,-0.504831049684
339,-2.72414665676,29.007848635,-6.44679131058,39.6564598363,47.3328433421,9.52097238005,16.4672618058,-3.82735052522,219.362712572,15.5517968146,20.9342512507,34.8148825768,-34.9315752607,-17.9057015461,23.5466638451
340,207.063093147,62.9618228407,13.2718637388,-11.5169915914,29.7037328822,-61.8535087369,-1895.35793133,-87.4014001059,-90.3287196009,-77.3054041186,-74.4708052381,-123.766197503,-72.4371723797,0.0325264807629,-5.05201245956
341,-0.0471384567725,3.19414062409,0.339391906256,-146.359036583,-474.887580631,-6.28094661662,14.8195356482,-44.7656704788,-33.3652448242,-148.067678851,-45.9699412894,-32.6310456936,139.227880573,10072.0975489,-0.674810031977
342,-0.597958548846,55.4638005986,52.0839459786,80.6671559424,7.3607991752,7.83621863136,13.4689783567,-14.0490841371,1.33755150643,-61.0101836327,754.223120096,-28.9531936954,41.9086644963,-14.0955322853,11.6295741793
343,29.533581245,-1.09418015083,1.0690124334,-15.7752466593,-13.0790931152,-1.48751469728,353.54717885,16.4029503459,-46.7059867785,17.9068059777,28.995653171,26.6675881127,-7.71843497229,-0.534133579595,25.1279761108
344,-2.78033992809,1.3517007409,7.633648658,37.1554268673,4.46769881325,-15.4131718145,-23.5867268313,-14.4213664572,-9.54745452225,20.7208306968,-11.7410265509,-4.49377842552,4.63074958031,-2.62813592627,-938.774682247
345,2.03917393776,-2.85919252861,-0.574396615873,0.307657205963,-51.0639919766,-241.506767588,11.8191584201,-15.1187317182,-245.498878397,-27.6194853895,-104.750166615,-142.649957991,234.773787425,-23.9733112851,-11.9548734411
346,1.46082644972,3.958216659,12.2996860155,-9.39536218937,-1.40374530537,37.7084390548,45.9481230556,-4.70565943285,30.5921512895,204.713739938,83.8286907582,21.0896928731,-19.4145058002,-1.82577399181,23.6350548592
347,-31.9285024952,-2.0717370136,-1.342858208,58.6437162952,96.7373939471,-4.81753518043,-9.81571526535,2.0161680154,49.8252041822,-0.301533057171,-1.20690790818,16.2780537792,-21.1691039172,-4.1806932303,58.1455140504
348,3.16345507767,-4.38568818456,1.88420400336,1.0610288853,38.4191193342,4.42467787356,2.42608124469,4.39652667406,1.12249084436,100.859181234,10.0227750874,7.16535941953,-1.95873362793,10.7547310202,58.7217607507
