id,Fadeev,Khaldeev,Pepermaldeev,kees,top hat,turtle,gloves,small cart,cardboard,brush,toothpaste,watch,table,flute,tallboy,drill,monkey,apple,irunine,gel,rocket,rabbit,grand piano,whistle,Coca-cola,Stanley cup,desk,elefant,zeta function,Alla Pugachyova,soldering iron,frypan,drums,yellow submarine,sleep,mood,duration
0,1,1,1,0,0,0,1,1,1,1,1,1,1,1,1,1,0,0,0,0,1,1,1,1,1,1,1,0,1,1,0,0,0,1,3.418332987,frivolous,11.85109883
1,0,1,1,1,1,1,1,1,0,0,1,1,1,1,1,0,1,1,1,1,0,1,0,1,1,1,1,0,0,0,1,1,0,1,3.080932149,frivolous,
2,0,0,1,1,1,1,1,1,0,1,0,0,0,1,1,1,0,0,0,1,0,0,0,0,0,0,0,0,0,0,0,0,1,1,3.229007364,so-so,3.75161867
3,1,1,1,1,1,1,1,1,1,0,0,1,0,1,1,1,0,1,1,0,1,1,0,0,1,1,1,1,0,0,1,1,1,0,2.513619773,emotional,9.366978559
4,0,1,1,1,1,1,0,0,0,1,1,1,1,1,0,1,1,0,0,0,0,0,0,0,0,1,0,0,0,0,1,0,0,1,3.270901202,excellent,
5,0,1,1,0,1,1,1,0,0,1,1,1,0,1,0,0,1,0,1,0,0,1,0,1,0,1,1,0,0,0,1,0,1,1,2.454838928,good,
6,0,1,1,1,1,0,0,0,0,1,1,0,1,1,0,1,1,1,0,0,1,0,0,0,0,0,1,0,0,0,0,1,1,1,3.438902383,excellent,
7,0,0,0,0,0,0,0,0,1,0,1,1,1,0,1,1,0,0,0,0,1,1,1,0,0,0,0,0,1,1,0,1,0,0,3.039106833,frivolous,3.130255377
8,0,0,1,1,1,1,1,0,0,1,1,1,0,1,1,0,0,0,1,0,0,1,0,0,0,0,0,1,1,0,0,0,0,1,3.171818657,frivolous,
9,1,0,1,0,1,1,0,1,1,0,0,0,1,0,1,1,1,0,1,1,0,1,1,1,1,0,0,0,1,1,1,1,0,0,2.473543889,emotional,
10,0,0,0,0,0,0,0,0,0,0,0,0,0,1,0,0,1,1,0,0,0,1,0,0,0,0,1,1,1,1,0,0,1,0,3.770050726,apathic,1.545274527
11,1,1,1,1,1,0,0,1,1,0,0,1,1,0,1,0,1,0,1,1,0,1,1,0,1,1,1,0,1,1,1,1,1,0,3.037336833,frivolous,14.49674881
12,1,1,1,0,1,1,0,1,0,1,1,1,1,1,0,1,0,1,1,1,1,0,1,1,1,0,0,0,0,1,1,1,1,1,3.536746807,frivolous,14.92636864
13,1,1,0,0,1,0,1,1,1,1,1,1,0,1,1,0,0,1,0,0,1,1,0,0,1,1,1,1,1,1,1,0,1,0,3.783937475,frivolous,3.132588845
14,0,0,1,0,1,0,0,1,0,0,0,0,1,1,0,0,1,0,1,1,1,0,0,0,0,0,0,1,0,1,1,0,0,0,3.249534838,frivolous,
15,1,1,1,1,1,1,0,1,1,1,0,1,1,0,1,1,1,1,1,0,0,1,1,1,1,1,1,1,0,1,1,1,1,0,3.158314406,apathic,13.34059511
16,1,1,1,1,1,1,0,0,0,1,0,1,1,0,1,1,1,0,1,0,0,1,0,1,1,1,1,1,1,1,0,0,1,0,3.352090112,moody,
17,0,1,0,1,0,1,0,1,0,1,1,1,1,0,1,0,0,0,0,0,1,0,0,0,1,1,0,0,0,1,1,1,0,0,3.587787042,frivolous,3.524610386
18,0,0,0,0,1,0,0,0,0,0,0,0,0,0,1,0,0,0,0,0,0,1,0,0,0,0,1,1,0,0,1,0,0,1,2.607822425,so-so,0.664401651
19,0,1,1,1,1,0,1,0,0,1,0,0,1,1,0,1,0,1,1,0,0,0,0,0,1,1,1,0,1,0,0,0,1,1,3.272771022,frivolous,
20,1,1,1,0,0,1,1,1,0,1,1,0,1,0,1,1,1,0,0,1,0,1,0,1,0,1,1,0,0,1,1,0,1,1,3.086589582,frivolous,13.41027789
21,0,0,0,0,0,0,0,1,0,0,1,0,1,1,1,0,0,0,1,0,0,0,0,0,1,0,1,0,0,0,0,0,0,0,3.17123941,good,3.967260948
22,1,1,1,0,1,1,1,1,1,0,1,0,0,1,1,1,0,0,1,1,1,1,1,1,1,0,1,0,0,0,1,1,0,1,3.845472365,apathic,14.14985058
23,0,0,0,0,0,0,0,1,1,0,0,1,1,0,0,0,0,0,0,1,0,1,0,0,0,0,0,0,0,1,0,0,1,1,3.301219995,apathic,0.559676144
24,1,0,1,0,1,1,1,0,1,0,1,0,1,1,1,0,1,1,1,0,1,1,1,1,1,0,0,1,1,0,1,1,1,1,3.352636797,frivolous,
25,0,1,0,0,1,0,0,0,0,1,1,0,0,0,0,0,1,0,0,1,0,0,0,1,0,1,1,0,0,0,0,0,1,1,2.673500265,emotional,0.948403373
26,1,0,0,0,0,0,1,1,0,0,1,1,1,0,0,1,0,1,0,1,0,1,0,0,0,1,1,1,0,1,1,1,1,0,2.722433686,good,0.014484745
27,0,0,1,0,1,0,1,0,0,0,0,0,1,1,0,1,0,0,1,0,1,0,0,1,1,0,1,0,1,0,0,0,0,1,3.915415842,frivolous,
28,0,0,0,0,1,1,0,1,0,0,0,1,0,0,1,0,0,0,0,0,0,0,0,0,0,1,1,0,1,0,0,0,0,1,2.630658038,bad,
29,0,1,1,1,1,0,0,0,0,0,0,0,1,0,0,0,1,0,0,0,0,0,0,0,1,1,0,1,0,1,1,0,1,0,3.511664429,frivolous,4.441751117
30,1,1,0,0,0,0,0,1,1,1,1,0,0,1,1,1,0,0,0,0,1,1,1,0,1,1,1,1,0,1,0,1,0,0,3.790062888,moody,3.483250622
31,0,1,0,0,0,0,0,1,0,1,1,1,1,0,0,0,0,0,0,0,0,1,0,0,0,0,1,0,1,0,0,0,1,0,3.162727601,frivolous,
32,0,0,0,0,0,1,0,0,0,0,0,1,0,0,0,0,0,0,1,1,0,0,1,1,1,0,0,0,0,0,0,0,0,0,2.402079543,good,4.535552241
33,0,0,0,0,0,0,0,0,1,0,0,0,1,1,0,0,0,1,0,1,0,0,1,1,0,0,0,0,1,0,0,0,0,0,2.995505246,bad,4.544779938
34,1,0,0,0,0,1,0,0,0,0,1,0,0,0,0,1,0,1,0,1,0,1,0,1,0,1,0,1,0,1,1,1,1,1,3.550387016,frivolous,4.858407943
35,0,0,1,1,1,1,0,0,0,0,0,0,0,1,0,0,1,0,1,1,0,1,1,1,0,1,0,0,0,1,0,1,1,1,3.500539908,frivolous,8.710013823
36,0,0,0,1,0,0,0,1,1,1,0,0,0,0,0,0,0,0,1,0,1,0,1,0,0,0,1,1,1,0,1,0,0,0,2.141270521,emotional,4.667496963
37,0,0,1,0,0,0,1,0,0,0,1,0,0,0,0,0,1,0,0,0,1,1,0,1,1,0,0,0,0,0,0,0,1,0,2.947227993,frivolous,2.480472641
38,0,0,0,0,1,0,1,0,0,0,0,0,0,0,0,0,0,0,0,1,0,1,0,1,0,1,0,0,0,0,1,0,0,0,3.338844409,bad,
39,0,1,0,0,0,0,0,0,0,1,0,1,0,0,0,0,1,0,1,0,0,0,1,1,1,0,0,0,1,0,0,0,1,1,3.640936965,bad,
40,0,0,0,1,0,0,0,1,1,0,0,1,0,1,0,0,0,1,0,0,0,0,0,1,0,0,1,0,1,0,0,0,0,0,2.971985542,frivolous,2.714700412
41,1,0,1,1,1,0,1,1,1,0,1,1,0,1,0,0,0,1,1,0,1,1,1,1,1,1,1,0,1,1,0,1,1,0,2.645462955,excellent,4.065998702
42,0,0,1,0,1,0,1,1,0,0,0,1,1,0,0,0,1,0,0,1,1,1,0,0,0,1,0,0,0,1,0,0,0,1,3.581854205,apathic,0.031875399
43,0,1,1,1,0,0,1,0,1,1,0,0,1,1,0,1,1,0,0,0,1,0,1,1,0,1,1,0,1,0,1,1,0,1,2.773154746,bad,6.5735469
44,0,0,1,1,0,0,1,0,0,0,0,1,0,1,0,1,1,0,1,0,0,1,0,0,0,1,0,0,1,0,1,1,1,0,2.915710899,frivolous,
45,1,1,1,1,1,0,0,0,1,1,1,0,0,1,1,0,1,1,0,1,0,1,1,0,1,0,1,1,1,0,1,0,0,1,3.922278392,frivolous,13.79512431
46,0,0,1,1,1,1,0,0,1,0,1,0,0,0,1,1,1,0,1,0,0,0,0,1,0,1,0,0,0,0,1,0,1,0,2.510684755,frivolous,7.99964431
47,1,1,1,0,1,1,0,0,0,1,1,1,1,1,1,0,1,0,1,1,1,0,0,1,0,0,1,1,1,1,1,0,1,1,3.496503771,frivolous,
48,0,0,1,1,1,1,1,1,0,1,0,0,0,1,0,1,0,0,0,1,1,0,1,0,1,0,1,0,0,0,0,0,0,1,3.242380569,bad,4.81425694
49,0,0,0,0,1,0,1,1,1,0,0,0,0,1,0,0,0,0,0,0,0,0,1,0,0,0,1,0,1,1,1,0,1,1,2.72101023,apathic,3.094849483
50,0,1,1,1,1,0,0,0,1,0,0,1,1,1,0,1,0,0,1,0,1,1,0,0,0,0,0,0,0,0,1,1,1,1,3.424151645,excellent,5.528302601
51,0,1,1,1,1,0,1,0,1,1,0,0,0,1,0,0,1,0,0,0,0,1,0,0,0,1,1,0,1,0,1,0,1,1,3.720537025,emotional,5.088302728
52,0,1,1,1,1,0,1,0,0,0,0,1,0,0,0,0,1,1,0,1,0,0,0,1,1,1,1,0,0,0,0,0,1,1,3.182408412,good,
53,0,1,1,1,1,0,1,0,1,1,1,1,1,0,1,1,1,1,1,1,0,0,0,1,1,1,1,0,0,0,0,1,0,0,2.732147762,frivolous,5.677441932
54,1,1,1,1,0,1,1,1,1,1,0,1,1,0,0,0,1,0,1,1,1,1,1,0,1,0,1,1,1,0,1,1,1,1,3.190067122,emotional,
55,0,0,0,1,0,0,0,0,0,0,1,1,1,0,1,0,1,0,1,0,0,1,0,0,1,0,0,1,0,0,0,1,0,0,3.257104466,frivolous,3.832644403
56,1,1,1,0,0,0,0,1,1,1,0,1,1,1,1,1,0,0,1,1,1,1,0,1,1,0,1,0,1,1,1,0,1,1,3.392738712,bad,11.69107609
57,0,0,0,1,1,1,0,0,0,0,0,0,0,1,0,1,0,0,0,1,0,0,0,1,1,0,0,0,1,1,0,1,1,0,3.065852235,apathic,3.022664815
58,0,1,1,1,0,0,1,1,0,1,0,1,1,1,1,1,1,1,0,0,0,0,0,0,1,0,1,0,1,0,0,0,0,1,2.526767555,good,4.850997571
59,1,1,0,0,1,0,0,1,0,1,1,1,0,0,0,0,0,1,0,1,1,1,1,1,0,1,1,1,0,1,1,0,0,0,2.793310462,frivolous,
60,0,1,0,0,1,0,0,0,1,0,0,1,0,1,1,0,0,1,1,1,1,0,0,0,1,1,0,0,0,0,0,0,0,1,3.40307703,emotional,1.569973215
61,0,0,0,0,0,0,0,0,0,0,0,0,0,0,1,1,0,1,0,0,0,0,0,0,0,0,1,1,0,0,0,0,1,0,3.327357923,so-so,1.345493463
62,0,0,0,1,0,0,1,0,1,1,0,0,0,0,1,0,0,0,0,0,0,0,0,0,0,0,0,0,1,0,1,1,0,1,2.227714561,frivolous,3.577903711
63,1,1,1,1,0,1,1,1,1,1,0,1,1,1,0,1,1,1,1,0,1,1,1,1,1,0,0,0,1,1,1,1,1,1,2.977786387,frivolous,
64,0,0,0,0,1,0,0,0,0,0,0,0,0,1,0,1,0,0,0,0,0,1,0,0,1,0,0,1,0,0,0,0,0,1,3.266297641,frivolous,
65,0,1,1,1,0,0,1,1,0,0,0,1,1,1,0,0,0,0,1,0,0,0,0,1,0,1,0,0,0,1,0,1,1,0,3.029828828,apathic,4.177369417
66,1,1,1,0,1,0,0,1,1,0,1,1,1,1,0,1,1,1,1,0,1,1,1,1,1,1,0,1,1,0,1,1,1,0,3.070337392,good,13.99925052
67,0,0,1,1,0,1,0,0,0,0,1,1,1,1,0,0,0,0,1,0,0,0,0,1,0,1,0,1,0,0,0,1,1,1,3.772335379,apathic,4.341820182
68,1,1,1,1,1,1,1,0,1,0,1,0,0,0,1,1,1,1,1,1,1,0,1,1,1,1,0,1,1,0,0,0,1,1,2.768303737,apathic,14.25376407
69,0,1,1,0,0,0,1,0,0,0,0,1,1,1,0,0,0,1,0,0,0,1,1,0,0,1,0,1,0,0,0,0,1,1,2.129356669,bad,3.591467229
70,1,0,1,1,1,1,1,1,1,1,1,0,0,0,1,0,0,1,1,1,1,1,1,1,0,0,0,1,1,1,1,1,0,0,3.075236552,bad,7.893733774
71,1,1,1,1,1,0,1,1,1,0,1,0,1,1,1,1,1,0,0,1,1,0,1,1,0,0,1,1,1,0,0,1,0,1,2.112252179,apathic,
72,1,0,0,0,1,1,0,1,0,1,1,0,1,1,0,1,0,1,0,1,0,0,0,1,1,0,1,0,0,0,1,1,0,1,3.252980342,frivolous,
73,0,1,1,1,1,0,0,0,1,1,0,1,1,1,0,0,0,0,1,1,0,0,1,0,0,0,1,0,0,0,1,0,0,1,3.470056127,frivolous,8.343987138
74,0,0,0,1,0,0,0,1,0,0,0,1,0,0,0,0,0,1,1,0,0,0,0,0,1,0,0,0,0,0,0,1,0,0,2.89483174,bad,0.099963773
75,0,0,1,1,1,0,1,0,0,0,0,1,0,1,0,0,1,0,1,0,0,0,0,0,1,1,0,0,1,0,0,1,1,1,2.994508709,frivolous,4.047681721
76,1,1,1,1,1,0,1,1,0,0,1,1,0,1,1,1,1,0,1,0,0,1,1,1,1,0,0,0,0,1,1,1,0,1,3.697488393,frivolous,10.69227257
77,1,1,1,0,1,1,1,1,1,0,1,1,1,0,1,1,1,1,1,1,1,1,1,1,1,0,1,0,1,1,1,1,1,0,3.526148783,frivolous,16.88761348
78,1,0,0,1,1,1,0,1,0,0,1,0,0,0,1,1,0,1,0,0,0,1,0,1,1,1,1,0,1,0,0,1,0,1,3.770879085,apathic,4.73637342
79,0,0,0,1,0,1,0,0,0,1,0,0,0,0,0,0,1,0,0,0,0,1,0,0,0,0,0,0,0,1,0,0,0,0,3.830084242,apathic,2.00501251
80,1,0,0,0,1,0,0,0,1,1,0,0,0,0,1,1,1,0,0,0,1,1,1,0,1,0,0,0,1,1,1,1,0,1,3.622010586,emotional,
81,0,0,0,0,1,0,1,0,1,1,0,0,0,0,0,1,0,1,0,0,1,1,0,1,0,1,0,0,0,1,1,1,1,1,3.01848976,good,0.335964342
82,0,0,0,0,0,0,1,0,1,1,0,0,0,0,0,0,0,0,1,0,0,0,0,1,0,1,0,0,0,0,0,0,1,0,1.954692058,excellent,2.280066019
83,1,1,1,0,0,0,0,0,1,0,1,0,0,1,0,0,1,0,0,1,0,1,0,1,1,0,0,1,1,1,0,1,0,1,2.097003547,apathic,9.635111865
84,1,1,0,0,0,1,0,1,0,1,0,1,1,0,1,1,0,1,0,1,0,1,1,0,0,1,1,0,0,1,1,0,0,0,3.413582535,frivolous,7.859576532
85,0,0,1,1,1,0,1,0,0,0,0,0,0,1,0,0,1,0,0,0,0,0,0,0,0,0,0,1,0,0,0,1,1,0,2.178713934,frivolous,2.236651963
86,0,0,1,1,1,1,0,0,1,0,0,0,0,1,0,1,1,0,1,1,1,0,1,1,1,0,0,1,0,0,0,0,0,0,3.891585697,frivolous,7.893167362
87,0,1,0,1,0,0,0,1,0,1,0,1,0,0,0,1,0,0,0,0,0,1,1,0,0,1,1,0,1,1,0,1,1,0,3.058313986,frivolous,3.773926076
88,0,1,1,1,0,0,1,0,0,0,0,1,1,1,0,0,1,0,0,1,0,0,0,0,0,1,1,0,0,0,0,1,0,1,3.255016535,excellent,3.263457411
89,0,0,1,0,1,0,1,1,0,0,0,1,1,1,0,1,0,1,1,0,0,0,0,0,0,0,0,0,1,0,0,0,1,0,3.396877549,apathic,3.864726163
90,0,1,1,0,1,1,1,0,0,1,0,0,0,1,0,0,1,1,0,0,0,0,0,0,0,1,0,1,1,0,1,0,0,1,2.665003161,frivolous,7.201060628
91,0,0,0,0,0,0,0,0,1,0,0,0,0,1,0,0,0,0,0,0,1,0,0,1,0,1,0,0,1,1,0,1,0,1,3.003236586,frivolous,2.473980857
92,1,1,0,0,0,1,0,1,1,0,0,1,0,1,0,1,0,1,0,0,1,0,0,1,0,0,1,1,1,1,1,0,1,1,3.294017781,frivolous,4.836689271
93,1,1,1,0,1,1,0,1,1,0,0,1,1,0,1,1,1,1,1,1,1,1,0,1,1,1,0,1,1,1,0,1,1,1,3.229034507,bad,
94,0,0,0,1,1,0,0,0,0,0,0,0,1,0,0,1,0,0,0,1,1,0,0,1,1,0,1,0,0,0,0,0,1,1,2.776559975,bad,
95,0,0,0,1,0,1,0,0,0,0,0,0,1,0,0,0,0,0,1,1,1,0,1,0,0,1,0,0,0,1,1,0,0,0,3.617090404,frivolous,8.070157908
96,0,1,0,0,0,0,0,0,0,1,0,1,0,1,0,1,0,0,0,0,0,1,0,0,0,1,1,0,0,0,0,0,0,0,3.328142133,frivolous,
97,0,1,1,0,0,0,1,0,1,1,0,1,1,1,1,1,1,1,1,1,0,0,1,0,0,0,1,0,0,1,1,0,0,1,2.971493454,good,
98,0,0,0,0,0,0,0,0,0,1,0,0,1,0,0,0,0,0,0,0,0,0,1,0,1,0,1,0,0,0,0,0,1,0,3.385460764,frivolous,5.915791628
99,0,1,1,0,1,0,1,0,0,1,1,0,0,0,1,0,1,0,1,1,0,0,0,0,0,0,1,0,0,0,0,0,1,1,2.770267965,frivolous,
100,0,0,1,1,1,1,0,0,0,1,1,0,1,1,0,0,1,0,0,0,0,1,0,0,0,0,1,0,0,1,0,0,0,0,3.505602646,so-so,4.967238308
101,1,1,1,0,1,1,1,1,0,0,1,1,1,1,1,1,0,1,1,1,1,0,1,0,1,0,1,0,1,0,1,1,1,1,3.474826692,so-so,16.07291794
102,0,1,1,1,0,1,1,0,1,1,0,1,1,0,0,0,0,0,1,0,0,0,1,0,1,0,1,0,0,1,0,1,1,1,3.13934114,apathic,7.743706717
103,0,0,0,1,0,1,0,0,0,1,0,1,0,0,0,0,1,0,0,0,0,0,1,1,0,0,0,1,1,0,0,0,0,0,3.320280002,frivolous,
104,1,1,1,1,0,0,0,0,1,1,1,0,1,1,0,1,0,0,0,1,0,1,0,1,1,0,0,1,0,1,1,1,0,1,3.907349849,apathic,8.83393658
105,0,0,0,1,0,1,1,0,1,0,0,0,0,0,0,0,1,0,1,0,1,0,1,0,0,0,0,1,1,1,0,1,0,1,3.033225066,apathic,6.142664485
106,1,1,0,0,0,1,0,1,0,1,1,1,0,1,1,1,1,0,0,1,0,0,1,1,1,1,0,0,1,1,1,1,0,0,3.581556461,frivolous,7.726353604
107,0,0,1,1,0,0,0,1,1,0,0,0,0,1,0,0,1,1,1,1,0,0,0,1,0,1,0,0,0,0,0,0,1,0,2.675268869,frivolous,
108,0,0,0,1,1,0,0,0,0,0,0,0,0,0,0,0,0,0,0,1,1,0,0,0,0,1,0,1,0,0,0,0,0,0,3.140578182,excellent,0.078948793
109,0,0,0,1,1,0,0,1,0,1,1,0,0,0,1,0,1,0,0,0,0,0,0,0,0,0,0,1,0,1,0,1,0,0,3.174725645,frivolous,0.990398546
110,1,1,1,0,0,1,0,1,1,1,0,1,1,0,0,0,1,0,1,1,1,1,1,0,0,1,1,0,0,1,1,0,0,0,3.51231463,apathic,
111,1,0,1,1,1,1,0,0,0,1,0,0,0,1,0,1,0,1,0,1,0,1,1,0,1,0,1,1,1,0,0,1,0,1,3.692172235,good,8.752768021
112,0,0,1,1,1,1,1,0,1,0,0,0,1,1,1,1,0,0,1,1,0,0,0,1,1,0,0,1,1,0,0,1,1,0,2.959759827,frivolous,8.216014127
113,1,1,1,0,1,1,1,0,1,0,1,0,1,1,1,0,0,0,1,1,0,0,0,1,1,1,0,1,0,1,1,1,1,1,2.90175163,so-so,12.67045318
114,1,1,0,1,1,0,1,1,1,0,1,1,1,0,0,1,1,0,0,0,1,1,0,1,1,1,0,1,1,1,1,1,0,1,3.361572287,frivolous,5.016991207
115,0,0,0,1,0,1,0,0,0,0,0,1,1,1,0,0,0,1,0,0,0,0,0,0,1,0,1,1,0,1,0,0,0,0,3.347284804,apathic,1.770678762
116,0,0,1,0,1,0,1,1,0,0,0,0,0,1,0,0,0,0,1,0,1,1,0,0,0,0,0,1,1,0,0,0,1,1,3.680699875,good,4.314277697
117,0,0,1,1,1,0,1,0,0,0,1,0,0,0,0,0,0,0,1,1,1,0,0,0,1,0,0,0,1,0,0,0,1,1,3.851261269,apathic,5.439420559
118,1,1,1,1,1,1,1,1,1,1,0,1,0,0,1,1,0,1,1,0,1,1,1,0,1,1,1,1,1,0,0,0,0,0,2.701300638,frivolous,14.0866121
119,1,1,1,1,0,1,0,1,0,0,1,0,1,1,1,1,1,0,0,1,1,0,1,1,1,0,1,0,1,0,1,0,1,1,3.298243604,frivolous,17.25845637
120,1,0,1,0,1,1,1,1,0,0,1,0,0,1,1,0,1,0,0,0,0,1,0,0,1,0,1,0,1,1,1,1,0,0,3.534756756,so-so,5.955828294
121,0,0,1,0,1,0,1,1,0,1,0,0,0,0,0,0,1,1,1,0,0,0,1,0,0,0,0,0,0,1,1,1,1,0,3.17573696,good,2.852399581
122,0,0,0,0,1,0,1,1,0,0,0,0,0,1,1,1,1,0,0,1,1,0,1,0,0,0,1,1,0,0,0,0,1,1,2.719074254,excellent,1.723330146
123,0,0,1,0,0,0,1,1,1,0,0,0,1,1,1,0,0,0,1,0,1,0,1,0,0,0,0,0,0,0,0,0,1,0,3.224272155,emotional,5.753961428
124,0,0,1,0,1,1,0,1,1,0,0,0,0,1,1,1,1,0,0,0,0,1,0,0,0,0,0,0,0,0,0,0,1,1,3.52751146,apathic,4.450196249
125,0,0,1,0,1,1,0,0,0,0,1,0,1,1,0,0,1,0,0,0,0,1,0,0,1,1,0,1,0,1,0,0,0,0,2.542463908,frivolous,4.134354163
126,1,1,1,1,1,1,0,1,0,1,0,1,0,1,1,1,1,0,1,0,1,1,1,1,1,0,1,1,1,1,0,1,1,0,2.434877516,frivolous,14.05221109
127,1,1,1,0,0,1,1,1,1,0,1,1,0,1,1,0,1,1,1,0,1,0,0,0,1,1,1,0,0,0,1,1,0,0,3.045401845,frivolous,
128,0,1,1,0,0,1,1,0,0,1,1,0,1,1,0,1,1,0,0,0,0,0,0,0,0,0,1,1,0,1,0,1,1,0,3.942294777,bad,
129,0,1,1,0,0,0,1,0,1,1,0,1,0,0,1,0,1,0,1,0,0,0,0,0,0,1,0,1,0,0,0,1,1,0,2.748824326,good,
130,0,0,0,1,0,0,0,1,0,0,0,1,0,1,0,1,1,0,1,0,0,0,0,0,0,0,0,0,0,0,0,0,1,1,2.50563185,excellent,1.297465774
131,0,1,0,0,1,1,0,0,0,1,0,1,0,0,0,0,0,0,1,0,0,0,0,1,0,1,1,1,1,0,1,0,0,0,3.279322752,frivolous,6.274820551
132,0,1,0,1,0,0,0,0,0,0,1,0,1,0,1,0,0,0,0,0,1,0,0,0,0,0,0,1,0,0,0,1,0,0,3.472084127,frivolous,3.591530906
133,1,1,1,1,0,0,1,0,1,0,1,1,0,0,0,0,0,1,1,1,0,0,1,0,1,0,0,0,0,1,1,1,1,0,3.511947459,frivolous,
134,1,1,1,0,1,1,1,1,0,1,0,1,0,0,0,1,1,0,1,1,1,1,1,0,1,1,0,1,1,1,1,1,1,1,3.045298523,frivolous,
135,0,1,1,1,1,1,1,0,0,1,0,0,1,0,0,1,1,1,1,1,1,0,0,0,1,1,1,0,1,0,0,0,0,1,3.683722333,bad,
136,0,1,1,0,1,0,1,1,0,1,1,1,0,0,1,0,0,0,0,1,0,1,1,0,1,0,0,1,0,0,0,1,0,1,2.906105629,frivolous,
137,1,1,1,0,1,1,1,0,0,1,1,1,1,1,1,1,1,1,1,0,0,0,0,1,0,1,1,1,0,0,0,1,1,1,2.465525202,good,11.43719082
138,0,0,1,1,1,1,1,0,0,0,1,1,0,0,0,0,0,0,0,0,0,0,0,0,1,0,1,1,1,0,0,0,1,1,3.289327331,good,2.736147126
139,0,0,1,1,0,0,1,0,0,1,0,0,0,0,0,0,1,0,1,0,0,0,0,1,0,0,1,1,0,1,1,1,1,1,3.167395251,frivolous,2.512109964
140,1,1,1,0,1,1,0,1,1,1,1,1,1,1,1,0,1,0,0,1,1,1,1,1,1,1,1,1,0,1,1,1,1,1,3.266724261,so-so,
141,0,0,1,1,0,0,0,0,0,0,0,1,1,1,1,0,0,1,0,0,0,0,1,0,0,1,0,0,0,0,0,1,1,1,2.508009984,frivolous,
142,0,0,0,0,0,0,0,0,0,1,0,0,0,0,0,0,1,0,0,0,1,1,0,0,1,0,1,0,0,0,0,0,1,0,3.338068017,frivolous,
143,0,1,1,1,0,0,1,0,0,1,1,1,1,1,0,0,0,1,0,1,1,0,0,0,0,1,1,1,1,0,1,0,1,1,3.631929233,frivolous,4.344599347
144,0,0,0,0,1,1,1,0,1,1,0,0,0,0,1,1,0,1,0,0,0,1,0,1,0,0,0,0,0,1,1,1,1,0,3.180304449,frivolous,4.067426472
145,0,1,1,0,1,0,1,0,1,1,0,1,0,1,0,0,1,0,1,0,1,0,1,0,0,1,1,0,1,0,0,0,1,1,3.87394328,frivolous,7.910443159
146,0,0,1,1,1,0,0,0,0,0,0,0,0,1,1,0,1,0,1,1,0,1,0,0,0,0,0,0,0,0,0,0,1,1,3.721707698,good,
147,0,0,0,0,0,0,0,0,0,0,0,0,0,0,0,1,0,0,1,0,0,0,0,0,0,1,0,1,1,0,0,1,0,0,2.037713746,bad,2.311034641
148,0,1,1,0,1,0,1,0,0,1,0,1,1,1,0,0,1,0,1,0,0,0,1,0,0,1,1,0,0,1,1,1,0,0,3.475724966,emotional,4.217366332
149,1,0,0,0,1,0,1,1,0,1,0,1,0,0,0,1,0,1,0,1,1,1,1,0,1,1,0,0,1,1,1,0,0,0,3.706265596,so-so,1.349105915
150,0,0,1,1,1,1,1,0,1,0,0,1,0,1,0,0,1,1,0,0,0,0,0,0,0,0,0,0,1,0,0,0,1,1,1.954018502,frivolous,
151,0,0,1,1,1,1,1,0,0,1,1,0,1,1,1,1,1,1,1,0,0,0,0,1,0,0,1,1,0,0,1,1,1,1,3.203294417,bad,6.361028898
152,0,1,0,1,1,0,1,1,0,0,0,0,0,1,0,0,1,0,1,1,0,0,0,0,0,0,0,0,1,0,0,1,0,1,3.664221075,frivolous,6.155669014
153,1,1,1,1,0,0,1,1,1,1,1,1,1,1,0,1,0,0,1,0,1,0,1,1,0,1,0,1,1,1,0,1,1,1,3.287190618,frivolous,13.43861686
154,0,0,1,1,1,0,1,0,0,1,1,1,0,0,1,0,0,0,0,0,1,0,1,0,1,0,0,0,0,1,0,0,1,1,3.649830522,frivolous,1.820306972
155,1,1,1,1,1,1,0,1,1,1,1,0,1,1,0,0,1,0,0,0,1,1,1,1,1,0,1,0,1,1,1,1,1,1,2.566359437,frivolous,16.86428888
156,0,1,1,1,1,0,0,0,0,1,0,0,1,1,0,0,1,0,1,0,0,0,0,1,0,1,1,0,1,0,1,0,1,0,3.354786579,frivolous,
157,0,1,1,1,1,0,1,1,0,0,0,0,1,1,0,1,1,0,1,0,0,0,1,0,1,0,1,0,0,0,0,0,0,1,2.482148341,frivolous,9.114503788
158,0,0,0,1,0,0,1,1,0,0,1,0,0,0,0,0,1,1,0,1,0,0,1,1,0,0,0,1,0,1,0,0,0,1,3.225859743,apathic,
159,1,0,0,0,0,1,0,1,1,0,1,1,1,0,1,0,0,1,1,1,1,1,1,0,1,0,0,0,1,0,1,1,0,0,2.597371935,frivolous,10.4687596
160,1,1,0,1,0,1,0,1,1,1,1,1,0,0,1,1,0,0,0,0,1,0,1,1,1,0,1,1,1,1,0,1,0,1,3.857596364,good,5.783487166
161,0,0,0,0,1,1,0,0,1,0,0,0,1,0,0,0,0,1,0,0,0,0,0,0,1,1,0,1,0,0,1,0,1,0,3.423020014,frivolous,
162,0,0,0,1,0,1,0,0,0,1,1,1,0,0,1,1,0,0,1,0,1,0,0,1,0,0,0,0,0,0,1,0,0,0,3.037465102,emotional,3.074233907
163,0,1,0,1,1,0,0,0,1,1,0,1,1,0,0,1,0,0,0,0,0,0,0,0,1,0,1,0,1,0,0,0,0,0,3.845633107,good,3.213773701
164,0,1,1,1,0,1,1,0,0,0,0,1,0,1,1,0,0,0,1,0,0,0,0,0,0,0,1,0,0,0,1,0,1,0,2.781556793,so-so,5.842619501
165,1,1,1,0,1,1,1,1,1,1,0,1,1,1,0,0,1,1,0,1,1,0,1,0,1,0,1,1,1,1,0,1,1,1,2.754829989,emotional,12.41082221
166,1,0,1,1,0,1,1,0,1,1,1,1,1,0,0,1,1,0,0,1,0,1,1,1,0,1,0,0,1,1,1,1,0,1,2.975218263,apathic,7.864002909
167,1,1,1,1,0,1,0,1,1,1,1,1,0,0,1,1,1,1,1,0,1,1,0,1,0,1,1,0,1,1,1,0,1,1,3.994107337,frivolous,
168,1,1,1,1,1,1,1,1,1,0,1,1,1,1,1,0,0,1,0,1,1,1,1,0,1,1,1,1,1,1,1,1,1,1,3.734865361,frivolous,14.76685435
169,1,0,1,1,1,0,0,1,0,1,0,0,0,1,0,1,1,1,1,1,0,1,0,0,1,0,1,0,0,1,1,1,0,1,2.860951315,so-so,4.628503984
170,0,1,1,1,1,0,0,0,0,0,0,1,0,1,0,1,1,0,0,0,0,0,0,0,1,1,1,0,0,1,1,0,1,1,3.057440344,frivolous,3.26935406
171,0,0,1,1,1,0,0,0,0,1,0,0,0,1,0,0,1,1,0,0,0,1,0,0,0,1,0,0,0,0,1,0,1,1,2.073909581,frivolous,3.943471484
172,1,1,1,0,1,0,1,1,1,0,0,1,1,1,1,0,0,1,1,0,0,1,1,0,1,1,0,1,0,1,1,1,1,1,3.011306228,frivolous,12.20320214
173,0,1,0,0,0,0,0,1,0,1,0,0,0,1,1,0,0,0,1,0,1,1,0,0,0,1,1,0,0,0,0,1,0,1,3.008194398,bad,
174,0,1,1,1,1,1,1,0,1,1,1,0,1,1,0,1,1,0,1,0,0,0,0,0,0,0,1,0,0,0,0,0,0,1,2.560174005,frivolous,9.763907158
175,1,1,1,1,0,0,1,1,1,1,0,1,0,0,1,0,1,1,1,0,0,1,1,1,1,1,1,1,0,0,0,1,1,1,2.223543113,apathic,
176,1,1,1,1,1,1,0,1,1,1,0,1,0,0,1,1,1,0,1,0,0,1,0,1,0,1,0,1,0,1,0,1,1,0,3.379415187,emotional,9.235000497
177,1,1,1,1,0,0,1,0,0,1,1,1,0,0,1,1,0,0,1,0,1,1,0,1,1,1,0,1,1,0,0,1,1,1,3.106737682,good,
178,0,0,0,0,1,0,0,0,0,1,0,0,1,0,0,0,0,0,1,0,0,0,0,0,0,1,0,1,0,0,0,0,0,0,1.848196418,emotional,
179,1,1,1,1,1,1,1,0,0,1,1,0,1,1,1,1,0,0,1,1,0,0,0,1,0,1,0,0,0,1,1,1,1,0,3.433724934,so-so,13.26869973
180,0,0,1,1,0,0,1,0,0,1,0,0,0,0,0,0,1,1,0,0,0,1,0,1,1,0,0,1,0,1,0,0,1,1,3.04940674,so-so,
181,0,1,1,1,1,1,1,1,0,1,1,0,0,1,0,0,1,1,0,0,0,1,0,0,1,1,1,1,1,0,0,1,0,0,3.185984354,frivolous,
182,0,0,0,1,0,1,0,0,0,0,0,1,1,1,0,0,1,0,0,1,1,1,0,0,1,0,1,0,0,0,0,0,0,0,3.335860871,emotional,3.775173415
183,0,0,1,0,1,0,1,1,0,0,0,0,0,0,0,1,1,1,0,0,1,0,1,0,0,0,1,1,0,0,0,0,1,1,3.306268038,apathic,2.454683332
184,0,0,0,0,1,0,0,0,0,0,0,1,1,0,0,1,0,1,0,0,1,0,0,0,1,1,1,1,0,0,0,0,1,0,2.918881802,frivolous,1.36232064
185,0,0,1,1,0,0,0,0,0,0,1,1,1,1,0,1,1,0,0,0,1,1,0,0,1,1,0,0,0,0,1,0,1,0,3.444968396,frivolous,3.369606799
186,1,1,1,1,1,0,1,1,0,0,1,0,0,1,1,1,1,1,0,1,0,0,1,1,0,0,1,1,0,1,1,1,1,0,3.563623519,moody,8.326234587
187,0,1,1,1,1,0,1,0,0,1,0,1,1,0,0,0,1,0,1,0,1,0,0,0,0,0,0,1,0,0,0,0,0,0,3.283066495,bad,4.940967184
188,1,0,0,0,1,0,0,0,1,0,0,0,0,0,0,0,0,0,1,1,0,0,0,1,1,0,0,0,1,1,0,1,0,1,3.597086696,frivolous,5.041915683
189,1,0,1,1,1,0,1,0,1,0,0,1,1,1,1,1,1,1,0,1,0,0,1,1,1,0,0,0,1,1,1,1,1,0,2.359591339,so-so,5.609900412
190,0,1,1,0,1,1,1,0,1,0,1,0,1,0,0,1,0,0,0,0,0,0,0,0,1,1,1,1,1,0,0,0,0,0,3.256969164,frivolous,
191,0,0,0,1,0,0,0,1,0,0,0,1,1,1,1,0,1,1,1,0,0,0,0,0,1,0,0,1,0,1,0,1,1,0,3.123931934,apathic,1.19970174
192,0,0,0,0,0,1,1,0,0,0,0,0,1,0,0,0,1,1,0,1,0,0,0,1,0,0,0,1,1,0,0,0,0,0,3.728267137,frivolous,
193,0,0,1,1,1,0,1,0,1,0,0,0,0,1,0,0,1,0,1,0,0,0,1,0,0,0,1,0,1,0,1,1,1,0,2.318325906,frivolous,7.27722945
194,1,0,0,0,0,1,0,0,1,0,1,0,1,1,1,1,0,1,0,1,1,0,1,1,1,0,0,0,0,1,0,1,1,0,3.756073134,good,6.261191419
195,0,0,0,0,0,1,0,0,1,1,0,0,1,0,0,0,0,1,0,0,0,0,0,0,1,0,1,0,1,0,0,1,0,0,3.12879642,frivolous,6.712764159
196,1,0,1,0,1,0,0,1,0,0,1,0,1,1,0,1,1,0,0,1,1,0,0,1,1,0,0,0,0,1,0,0,0,0,2.902928333,good,4.838760449
197,1,0,1,1,1,1,1,0,0,0,1,0,0,1,0,1,1,1,1,1,1,0,0,0,0,0,0,1,1,1,0,1,1,1,3.555324532,frivolous,8.21444242
198,0,1,1,0,1,0,1,0,0,0,0,1,1,1,0,0,1,0,0,0,1,0,1,0,1,1,1,0,1,1,0,1,0,1,2.693952748,frivolous,6.008846613
199,1,1,1,1,0,1,0,0,1,0,1,1,1,1,1,0,1,1,1,1,1,0,0,1,0,1,0,1,1,1,1,1,0,1,2.423094308,frivolous,
200,0,0,1,1,0,0,1,0,0,0,0,0,1,0,0,0,1,0,1,1,0,0,0,1,0,0,1,0,1,1,0,0,1,1,3.637738928,bad,6.161617197
201,0,0,0,1,0,0,0,0,0,0,1,0,0,1,0,1,0,0,1,1,1,1,0,1,1,1,0,0,0,0,0,1,0,0,2.994330886,frivolous,3.622311899
202,0,0,0,0,0,0,1,0,0,0,0,0,0,0,0,0,0,1,0,0,0,0,0,1,0,1,1,0,1,0,0,0,0,0,3.594986153,moody,1.203288796
203,0,0,1,1,0,1,0,0,0,1,0,1,0,1,0,0,1,0,1,1,0,0,0,0,0,0,0,0,0,0,0,0,1,1,3.297131894,excellent,4.074809533
204,0,0,1,0,1,0,1,1,1,0,0,1,1,1,0,1,1,0,1,0,0,0,0,0,1,0,0,0,0,1,1,0,1,0,3.755491425,good,
205,0,0,0,0,0,1,0,0,1,0,1,0,0,0,0,0,0,0,0,1,0,0,0,0,0,0,1,1,1,0,0,0,0,0,3.067679242,emotional,4.692766336
206,0,0,0,0,0,0,0,0,0,0,0,0,0,0,1,1,0,0,1,0,0,0,1,0,0,1,0,1,0,0,0,0,1,1,3.481947835,apathic,2.952715903
207,0,1,1,1,1,0,1,0,0,0,0,1,1,1,0,0,1,0,1,1,0,0,1,0,0,1,1,0,0,0,0,0,1,1,3.082369544,so-so,
208,1,1,0,1,0,0,1,1,0,0,1,1,1,0,0,1,1,0,0,1,1,1,1,1,1,1,1,1,0,1,0,1,0,1,3.279345718,excellent,2.493149503
209,0,0,0,0,0,1,1,1,0,0,0,0,1,0,1,0,0,0,0,0,1,0,0,0,0,0,1,1,0,1,0,1,0,0,2.310128268,good,2.577404615
210,1,0,1,1,1,1,1,1,1,0,1,1,0,1,0,1,1,1,1,1,1,0,1,1,0,0,1,1,0,1,1,0,1,0,3.078945974,frivolous,7.207318931
211,0,0,0,0,1,1,0,0,0,0,0,0,0,0,1,0,0,0,0,1,0,1,0,0,0,0,0,0,0,0,1,0,0,0,3.77592526,moody,3.841781735
212,1,1,1,1,1,0,1,1,1,1,0,1,0,1,1,0,1,0,1,0,1,1,0,1,1,1,1,0,1,1,0,0,0,1,2.37540568,frivolous,10.48325381
213,0,0,0,0,0,0,1,0,0,0,1,1,0,1,0,1,1,0,0,1,0,1,0,1,0,0,1,0,1,0,0,0,0,1,3.141391249,frivolous,1.753506383
214,0,1,1,0,1,0,1,1,0,0,0,0,1,1,0,1,1,0,1,0,0,1,0,1,0,1,1,1,0,0,0,0,1,1,3.29070533,frivolous,7.312808767
215,0,0,0,0,1,0,1,0,0,0,1,1,0,0,1,1,1,0,0,0,0,0,0,1,1,0,0,0,1,0,0,0,1,1,2.829137577,bad,0.016495906
216,0,0,1,0,1,0,1,1,0,1,1,0,0,0,0,1,1,0,1,0,0,0,0,0,0,1,0,1,0,0,0,0,1,1,2.505747843,frivolous,3.743893858
217,1,0,0,0,0,0,0,1,1,0,1,0,0,1,1,1,1,0,0,0,0,1,0,1,0,0,0,1,1,1,0,1,0,0,2.834020498,frivolous,3.208044367
218,0,0,0,0,0,1,0,0,0,1,0,1,0,0,0,0,1,1,1,0,0,0,0,1,0,1,0,0,1,0,0,0,0,0,2.722935952,bad,4.119252557
219,0,1,0,0,0,0,0,0,0,1,0,0,0,1,0,0,1,0,1,1,0,0,0,1,0,0,0,0,0,0,0,0,0,0,2.938525644,frivolous,4.115640448
220,0,1,1,1,1,1,1,0,0,0,0,1,1,0,0,1,1,0,0,1,1,0,1,0,1,1,1,1,0,0,0,1,1,1,3.220651029,so-so,6.789385683
221,1,1,1,0,0,1,1,1,1,0,1,0,1,1,0,1,0,1,1,1,1,1,1,1,0,1,0,1,1,1,1,1,1,0,2.908876875,emotional,16.03044548
222,0,1,0,0,0,0,0,0,1,1,0,0,1,1,1,0,1,1,0,1,1,0,0,0,0,1,1,0,0,0,0,0,0,0,3.334770356,frivolous,
223,0,0,1,1,0,0,0,1,0,1,0,0,0,0,1,0,1,0,0,0,0,0,1,1,0,1,0,0,0,1,0,1,1,1,2.763482372,frivolous,3.990385599
224,1,0,0,0,0,1,0,0,0,1,1,1,0,0,1,1,0,1,0,1,0,1,1,1,0,0,0,1,1,1,1,1,1,1,2.986674176,apathic,4.58900921
225,0,0,1,0,1,1,1,0,0,1,1,1,0,1,1,0,0,0,1,0,1,1,0,0,0,1,1,1,0,1,0,0,1,1,3.478905864,good,2.76339213
226,0,0,1,1,1,1,1,0,0,1,0,0,0,1,1,1,1,1,0,0,0,1,1,1,0,1,1,0,0,0,0,0,1,0,3.784840177,apathic,
227,0,0,0,1,0,0,0,1,0,0,0,0,0,0,1,0,1,1,1,0,1,0,0,0,0,0,1,0,0,1,0,0,0,0,3.274897099,frivolous,
228,1,1,1,0,0,0,1,1,0,1,0,1,0,0,1,1,1,0,1,1,1,0,1,0,1,1,1,1,1,0,1,1,1,1,2.766086106,emotional,11.3771567
229,0,0,1,0,0,0,0,0,1,0,1,0,0,1,0,0,1,1,1,0,1,0,1,1,0,0,1,1,1,0,0,0,1,1,2.875944186,frivolous,7.439597399
230,1,1,1,0,1,0,1,1,0,1,1,1,0,0,1,1,0,1,0,0,1,1,1,0,1,0,1,0,0,1,1,1,0,1,2.439806463,frivolous,9.846811407
231,0,0,1,1,1,0,0,0,1,1,0,0,1,1,0,0,0,0,0,1,0,1,0,0,1,0,1,0,0,1,1,0,1,1,2.808131255,emotional,2.984526672
232,0,1,1,1,1,0,1,1,0,0,0,1,0,0,1,1,0,0,1,1,0,1,0,0,1,1,0,1,0,0,1,0,1,0,3.579328579,excellent,
233,0,1,1,0,0,0,1,0,0,1,1,1,1,1,0,1,1,0,1,0,0,0,0,0,0,1,1,0,0,0,0,0,1,1,2.148603028,frivolous,
234,1,1,1,1,1,0,1,0,1,1,1,1,0,1,0,1,1,0,1,1,1,0,1,1,1,1,0,1,1,0,1,1,0,0,3.782796441,bad,11.46180739
235,0,0,1,0,0,0,1,1,0,0,0,1,0,1,1,0,1,0,1,0,0,0,0,0,0,0,0,0,0,0,0,0,1,1,2.886911333,frivolous,3.205069136
236,0,0,1,0,1,0,1,1,1,0,0,0,0,0,0,1,0,0,0,0,0,0,0,0,0,1,0,1,0,1,0,0,1,0,2.753579267,frivolous,1.241895341
237,1,1,0,1,1,1,0,0,1,1,0,0,1,1,1,1,0,1,0,0,0,1,0,1,1,1,1,0,1,0,1,1,1,0,2.905325004,frivolous,9.689861789
238,1,1,1,1,0,1,0,1,1,1,1,1,1,1,1,0,0,0,1,1,0,1,1,1,1,0,0,1,0,0,1,0,0,0,3.755768568,moody,14.73503384
239,0,1,1,0,1,0,0,0,0,1,1,1,0,0,0,0,1,0,0,0,0,0,0,1,1,1,0,0,1,0,0,0,0,0,3.622496105,frivolous,
240,0,0,1,1,0,1,0,0,0,0,0,0,0,1,1,0,1,1,0,0,0,0,1,1,0,1,1,0,1,0,1,1,1,1,3.09824824,frivolous,9.222451665
241,0,1,1,1,1,0,1,0,0,1,0,0,0,1,1,1,1,0,1,0,0,0,0,0,0,1,1,0,0,0,0,1,1,0,3.304270235,frivolous,6.541473553
242,1,1,1,1,0,1,0,1,0,1,1,1,1,1,0,1,1,0,1,0,0,1,1,0,1,1,0,1,1,0,1,0,0,0,2.694285591,frivolous,16.16836938
243,1,0,1,1,1,0,1,0,1,0,1,1,0,1,1,1,1,0,1,1,1,1,0,1,1,0,1,1,1,1,0,1,1,1,2.420744542,frivolous,
244,0,0,1,1,1,1,0,0,0,1,0,0,0,1,1,0,1,1,1,1,1,0,1,0,1,0,0,0,0,0,0,0,0,1,2.341387961,emotional,7.390519326
245,1,1,0,0,1,1,1,1,0,1,1,1,1,0,1,1,1,1,0,1,0,0,0,1,1,1,1,1,1,0,0,1,0,1,2.981776119,so-so,5.077233432
246,0,0,1,0,1,0,1,0,0,0,0,0,1,0,0,0,1,1,1,0,1,0,0,0,0,0,0,0,1,0,1,0,1,1,3.171417764,frivolous,7.998916031
247,1,1,1,0,1,0,1,1,0,1,0,1,1,0,0,1,1,1,1,0,0,0,1,0,1,0,1,0,0,0,0,0,0,0,3.288132582,good,11.67331887
248,0,1,1,0,1,0,1,1,1,1,1,1,0,1,0,0,1,1,1,0,0,1,1,1,0,0,1,0,0,0,0,0,0,1,3.388081184,bad,4.854015798
249,1,1,0,0,1,1,0,1,1,1,1,0,0,0,1,1,1,1,1,0,1,0,1,1,0,1,0,1,1,1,0,1,0,0,2.187520811,bad,8.095674131
250,0,0,0,0,0,0,0,1,1,1,0,0,1,0,0,0,1,0,0,0,0,0,0,0,0,0,1,1,0,0,0,0,1,0,2.539740211,frivolous,2.909377335
251,0,1,1,1,1,1,0,0,0,1,1,1,0,1,1,1,0,0,1,1,0,1,1,0,0,1,1,1,0,0,0,0,1,0,2.731186852,bad,6.711355949
252,0,0,1,1,1,1,0,1,1,1,0,0,0,0,0,0,0,1,0,1,0,0,1,0,1,1,0,1,0,1,0,1,1,0,3.344672165,frivolous,5.586737119
253,0,1,1,1,1,1,1,0,0,0,0,1,0,1,0,0,0,0,0,1,1,0,0,0,1,1,1,1,0,1,0,1,1,1,3.772322103,apathic,2.510152276
254,1,0,1,1,1,0,0,1,1,0,0,1,0,1,1,0,0,0,1,1,0,1,0,1,1,0,0,1,0,1,1,1,0,1,3.318019701,frivolous,
255,0,0,1,0,1,0,1,1,0,0,0,0,1,1,0,0,0,0,1,1,0,0,0,0,0,1,1,0,0,0,0,0,0,0,3.648748261,frivolous,
256,0,0,0,1,0,0,1,0,0,1,0,1,0,0,0,0,0,1,0,0,0,0,0,0,0,1,0,0,0,0,0,1,0,0,3.485641131,frivolous,0.055420938
257,0,1,1,0,1,0,0,1,0,1,1,1,1,1,0,0,1,0,1,0,1,0,1,1,0,1,1,0,1,0,1,0,0,0,3.366064474,frivolous,8.911474411
258,0,0,0,0,1,0,0,1,1,1,1,0,0,0,0,1,1,0,1,0,0,0,1,0,1,1,0,0,0,0,0,1,1,1,3.483676204,bad,3.947074443
259,0,1,1,1,1,1,1,0,0,1,0,1,1,0,1,0,1,0,1,0,1,0,1,1,0,0,1,0,0,1,0,1,1,1,3.036225466,frivolous,9.425965171
260,1,1,0,0,0,1,1,0,1,1,1,0,1,0,1,1,1,1,0,1,0,0,0,1,1,1,1,1,1,1,1,1,0,0,3.252657909,good,6.302899885
261,0,0,1,1,1,0,1,1,1,0,0,1,0,0,0,0,1,0,0,0,0,1,0,0,0,0,0,0,0,0,1,0,0,0,3.117946892,apathic,
262,0,1,1,1,0,1,1,0,0,0,0,1,1,0,0,1,1,0,1,0,1,0,1,0,0,0,0,0,1,0,0,1,0,0,2.560700685,frivolous,10.13024634
263,0,0,0,0,1,0,0,1,1,0,0,1,0,1,1,1,0,0,0,0,0,0,1,0,1,0,1,0,0,0,0,0,1,0,3.16078178,bad,
264,0,0,0,1,0,0,0,0,0,0,1,1,0,1,0,0,0,0,0,1,1,0,1,1,1,0,0,0,0,0,1,0,0,0,2.955080334,frivolous,2.591483992
265,1,1,0,0,0,0,0,1,0,0,1,0,1,1,1,1,1,1,0,0,1,1,0,1,1,1,1,1,1,1,1,0,0,1,3.298516232,excellent,4.558345324
266,1,0,1,1,0,1,1,0,1,1,0,0,0,1,0,1,1,0,1,0,1,0,1,1,1,0,0,1,1,1,0,0,1,0,3.398637466,good,
267,0,0,0,0,0,0,0,0,1,0,1,0,0,0,1,0,0,1,0,0,0,0,0,0,1,1,1,1,1,0,0,0,1,1,3.475217391,frivolous,3.512286466
268,1,1,1,0,1,1,0,0,0,0,1,1,0,1,0,0,1,1,0,0,0,0,1,1,1,1,1,1,1,1,1,1,0,0,2.953935132,frivolous,
269,0,0,1,1,1,0,0,0,0,1,0,0,0,1,0,1,1,0,1,0,0,1,0,1,1,0,0,0,0,0,0,0,1,1,2.170593825,emotional,3.574320561
270,0,1,0,1,0,1,0,0,0,1,0,0,0,0,0,0,0,0,1,0,0,1,1,0,0,1,0,1,0,0,0,0,1,1,2.085614769,good,
271,0,0,0,0,0,0,1,0,0,1,0,0,0,0,0,0,0,1,0,0,0,0,0,0,0,0,0,0,1,1,0,0,0,1,2.249334027,apathic,0.590568471
272,0,0,1,1,1,0,0,1,1,0,0,1,0,0,1,0,0,1,1,1,0,0,0,1,1,0,0,0,1,1,1,0,1,1,2.464255165,bad,2.764868822
273,0,0,1,1,1,0,1,0,0,0,1,0,0,1,0,0,0,1,0,0,0,1,1,0,0,1,1,0,1,0,0,0,0,1,3.001641124,frivolous,5.190919746
274,0,1,0,0,0,1,0,1,0,0,0,0,1,0,0,0,0,0,0,0,0,0,0,0,0,0,1,0,0,0,0,0,0,0,2.568457963,frivolous,6.752076096
275,0,0,0,1,0,0,1,0,0,0,0,0,0,0,0,1,0,1,0,1,1,1,1,1,0,0,1,1,1,0,0,0,0,0,2.815295862,good,3.425444704
276,0,1,1,0,1,0,1,0,0,0,0,1,1,1,1,0,1,0,1,0,0,1,0,1,0,0,1,0,1,0,0,0,1,0,3.772841695,moody,7.00614163
277,1,0,1,1,1,1,0,1,1,0,1,0,0,1,1,1,0,0,1,1,1,1,1,1,0,1,0,0,1,0,1,1,1,1,2.409670536,frivolous,11.44712969
278,0,0,0,0,1,1,0,1,1,0,0,0,0,0,0,1,1,0,0,1,0,1,0,0,0,0,1,0,0,0,0,1,1,0,3.458059765,frivolous,5.436893196
279,0,1,1,0,1,0,1,0,0,0,0,1,1,1,0,0,0,1,0,0,1,0,1,0,0,0,1,1,0,0,0,1,1,1,3.366581937,frivolous,6.214006292
280,0,0,1,1,1,0,1,0,0,0,0,1,1,0,1,0,1,0,0,1,0,0,1,0,1,0,0,0,0,1,0,0,1,1,2.921577591,apathic,
281,1,1,1,1,0,1,1,0,1,1,1,0,0,0,0,1,1,0,1,1,0,1,1,0,0,0,0,0,1,1,1,1,1,1,3.579649369,excellent,14.34208585
282,1,1,1,0,1,1,0,0,1,0,0,0,0,1,0,0,1,0,1,1,1,0,0,0,0,0,1,0,1,0,0,0,0,1,2.828766145,bad,13.59954951
283,0,1,0,1,0,0,1,0,0,1,0,1,1,0,0,0,0,1,1,0,0,0,0,0,1,0,1,0,0,1,0,0,1,0,3.798404206,moody,1.012817495
284,1,0,1,1,1,1,0,1,1,0,0,0,1,1,1,0,0,0,1,1,1,1,1,0,0,1,0,1,1,0,0,1,1,0,3.697083589,frivolous,13.47615846
285,0,1,1,1,1,1,0,0,0,1,0,1,1,0,0,0,1,0,1,0,1,0,1,0,0,0,1,0,1,1,0,0,0,1,3.910996231,frivolous,
286,0,0,0,0,1,0,0,0,0,0,0,0,0,0,0,0,0,0,0,0,0,1,0,1,1,1,1,0,0,0,0,0,0,0,3.756375489,good,1.189247979
287,0,1,1,1,1,0,1,0,0,0,1,1,0,0,1,0,1,1,0,0,0,0,0,0,0,0,0,0,0,0,0,0,0,1,3.040823533,frivolous,3.099245674
288,0,0,0,1,1,0,0,1,0,0,1,0,0,0,1,0,0,1,0,0,0,0,0,0,0,1,0,0,0,0,1,0,0,1,3.068742408,moody,0.349837935
289,1,0,0,0,0,1,0,0,1,0,1,1,1,1,1,1,0,1,1,1,0,0,1,0,1,1,0,1,1,1,0,1,0,1,3.64106449,moody,
290,0,0,0,0,0,1,1,0,1,0,0,0,0,0,0,0,1,0,0,1,1,1,0,0,1,1,1,1,1,0,0,0,0,1,2.317902046,frivolous,6.075028074
291,0,1,1,0,1,1,1,0,0,1,1,1,1,1,0,0,0,0,1,0,1,0,1,0,0,1,0,0,1,1,0,0,0,1,2.500380345,so-so,8.727850378
292,0,1,0,0,0,1,0,0,1,1,0,1,0,1,0,0,0,1,0,0,0,1,0,1,0,1,0,1,0,1,0,1,0,0,3.194127351,frivolous,2.014972874
293,0,0,1,1,1,0,1,1,1,0,0,0,0,1,0,0,1,0,1,0,0,1,0,0,1,0,0,0,0,0,0,0,0,1,3.214799072,apathic,3.56148101
294,0,1,1,0,1,0,1,0,0,1,0,1,1,0,0,1,0,0,1,1,0,0,0,0,0,1,1,0,1,0,1,0,1,0,3.554166692,bad,6.458595288
295,0,1,0,0,0,1,1,0,0,0,0,0,1,0,0,0,1,0,0,1,0,0,0,1,0,0,1,0,0,0,0,1,0,0,3.216387078,so-so,
296,0,1,1,1,0,1,0,0,0,1,0,1,0,0,1,1,1,1,1,0,0,1,0,0,0,1,1,1,0,0,0,0,0,1,3.623572253,bad,4.963250988
297,0,1,1,1,0,1,0,0,1,1,0,1,1,1,0,1,0,0,1,0,1,1,0,0,0,1,1,0,0,1,1,0,0,1,3.715225951,frivolous,7.367282596
298,0,1,1,1,1,0,1,0,0,1,0,1,0,1,0,0,0,0,0,1,1,0,0,1,0,0,1,0,0,1,1,0,1,0,2.563529962,bad,0.512642014
299,1,1,1,1,0,1,0,0,0,0,1,1,1,0,1,1,1,0,1,1,1,0,1,1,1,1,1,1,1,1,0,1,0,1,3.06030222,frivolous,15.51265375
300,0,0,0,0,0,0,0,0,0,0,1,0,1,0,0,0,1,1,0,1,0,0,0,1,0,1,1,0,0,0,0,0,0,1,3.082539237,frivolous,3.8507968
301,0,0,0,1,0,0,0,1,0,0,0,0,0,1,1,0,0,1,0,0,0,0,0,1,0,0,0,1,0,0,1,1,0,0,2.731763698,frivolous,2.030847171
302,1,1,1,0,0,0,1,1,1,0,1,1,1,1,0,1,1,0,0,1,1,1,0,1,1,1,0,1,1,1,0,1,0,0,2.64676075,good,
303,0,0,0,0,1,0,0,0,0,0,1,0,0,0,0,1,0,0,0,1,0,1,0,0,1,0,0,1,0,1,0,0,1,0,3.121621196,frivolous,
304,0,1,1,1,1,0,1,1,0,1,1,1,1,0,0,0,1,0,0,0,0,0,0,1,1,1,1,1,1,1,0,0,1,0,2.644653891,frivolous,4.074762832
305,0,1,1,0,0,0,0,0,1,0,0,1,1,1,1,0,0,0,0,0,0,1,0,0,1,0,1,0,1,0,0,0,0,0,2.737102474,frivolous,6.574291816
306,1,1,1,1,0,1,0,0,1,1,1,0,1,1,1,0,1,1,1,0,0,0,1,1,1,1,1,1,0,0,1,0,1,0,1.984674829,frivolous,16.96934632
307,1,1,1,0,1,1,1,1,1,0,1,0,0,1,1,0,1,1,1,0,0,1,1,0,0,0,0,1,1,0,1,1,1,1,2.824830918,apathic,15.33324979
308,0,1,0,0,1,0,0,1,0,1,1,1,1,0,1,0,0,0,0,0,0,0,0,0,1,1,1,0,0,0,0,0,0,0,3.365466895,good,1.457215471
309,0,0,1,1,1,0,0,0,0,1,0,0,1,1,0,0,1,0,0,0,0,0,1,1,1,0,1,0,1,0,0,0,0,1,3.444121981,apathic,5.387915604
310,1,0,1,0,1,1,0,0,1,0,0,0,0,1,0,1,0,1,0,1,0,1,1,1,1,1,0,0,1,0,0,0,1,0,2.819722256,frivolous,9.449727378
311,1,0,1,1,0,1,1,1,1,0,0,0,1,1,1,1,0,1,0,0,1,0,1,1,1,0,1,1,1,1,0,1,1,0,3.324114134,frivolous,9.82533795
312,0,0,0,0,0,0,1,0,0,0,1,0,1,0,0,0,0,0,0,0,1,0,1,0,0,0,0,0,0,0,1,1,1,0,3.212197233,frivolous,5.242653659
313,0,1,1,0,0,0,1,0,0,1,0,1,1,1,0,0,1,0,0,0,0,0,1,0,0,1,1,1,1,0,0,1,1,1,3.393993888,bad,5.550804058
314,1,1,1,0,1,1,0,0,0,1,0,1,1,1,1,1,1,1,0,1,1,1,1,1,0,1,0,1,1,1,1,1,1,1,2.721297717,frivolous,
315,0,1,1,1,1,0,1,1,0,1,0,1,1,1,0,1,0,0,1,0,0,0,0,0,0,1,0,0,0,1,0,1,0,1,3.246607579,so-so,3.172683275
316,1,1,1,1,1,0,0,1,0,0,1,1,1,1,0,0,1,0,1,1,1,1,1,0,0,1,0,1,1,0,1,1,0,0,3.68848152,frivolous,13.59640166
317,0,1,0,0,0,0,0,1,0,0,0,0,1,0,0,0,1,0,0,0,0,1,0,1,0,1,1,0,1,0,0,1,1,0,3.517510358,frivolous,6.079426589
318,1,1,1,0,1,0,0,0,1,1,1,1,0,1,1,1,0,0,0,1,1,1,1,1,1,0,0,1,0,1,0,1,0,0,2.964409047,frivolous,9.686943613
319,1,1,1,1,0,1,1,0,1,1,1,1,1,1,0,1,1,1,0,0,1,1,1,1,0,0,0,1,1,0,0,0,1,1,2.775278852,bad,13.6029344
320,1,0,0,0,0,0,0,1,0,0,1,0,0,1,0,0,0,0,1,1,1,1,0,0,1,0,0,0,1,1,0,0,0,0,3.382273547,frivolous,5.60597335
321,0,0,1,0,1,0,0,0,0,0,1,0,1,0,0,0,0,0,1,0,0,1,1,0,0,0,1,0,1,0,0,0,1,1,2.768337173,frivolous,9.434744369
322,0,0,1,1,1,0,1,0,0,1,0,0,1,0,0,0,0,1,1,0,0,1,0,1,0,0,0,0,0,0,0,0,1,0,2.991135141,so-so,3.807475563
323,0,0,0,1,1,1,0,0,0,0,0,1,1,1,1,1,0,0,0,0,0,1,1,1,0,1,1,1,0,0,0,0,0,0,3.161177078,so-so,3.778565509
324,0,0,1,0,1,0,1,1,1,0,1,1,0,0,1,1,1,1,1,0,0,0,0,0,0,0,0,1,0,0,0,0,1,0,3.651828273,bad,1.422486749
325,1,1,1,0,0,1,1,0,0,1,0,1,0,0,0,1,1,1,1,1,0,0,0,1,1,1,1,0,0,1,0,1,0,1,2.905105735,frivolous,12.42656858
326,0,0,1,0,0,1,1,0,1,0,0,0,0,1,0,0,1,1,1,0,1,1,0,1,0,0,0,0,1,0,0,0,1,1,3.324982706,bad,
327,0,1,1,1,1,1,0,0,0,1,1,1,1,0,0,1,0,0,1,1,0,0,0,1,1,0,0,1,0,1,0,0,0,1,2.734039898,frivolous,6.898161401
328,1,1,1,0,1,1,0,1,1,1,0,1,0,1,0,1,1,0,0,1,1,1,0,0,1,0,1,1,1,1,1,1,0,0,2.23667632,bad,10.17970775
329,0,0,0,1,0,1,0,1,1,0,1,0,0,0,0,0,0,0,0,0,0,0,0,1,0,1,1,1,1,0,0,0,0,0,2.862981708,frivolous,
330,0,0,1,1,0,0,1,0,0,0,0,0,0,1,1,1,1,1,1,0,1,0,1,0,0,1,0,1,0,0,0,0,0,1,3.479520278,bad,
331,0,0,0,0,0,1,0,0,0,0,0,0,0,0,1,0,0,0,1,0,0,0,0,0,1,1,0,0,1,0,1,0,0,0,3.18538624,frivolous,
332,0,1,0,0,1,1,0,0,0,1,0,0,1,0,0,0,1,1,1,1,1,0,0,1,1,1,1,0,0,0,0,0,0,0,3.244209042,bad,7.111152844
333,0,0,1,0,1,0,0,0,1,0,0,0,0,1,1,0,1,1,1,0,0,1,0,1,0,0,0,1,0,0,0,0,1,1,3.53721929,emotional,3.10353951
334,0,1,1,1,0,1,1,0,0,1,0,0,1,1,1,0,0,0,1,1,1,0,1,1,0,0,1,0,0,0,0,1,1,0,3.60883689,so-so,9.86774411
335,0,0,1,1,1,1,1,0,0,0,0,0,0,0,1,0,0,0,0,1,1,0,0,0,1,1,1,0,0,0,0,0,1,0,3.414395039,apathic,4.929348265
336,1,1,1,1,1,0,1,0,1,0,1,1,0,1,1,1,1,1,1,1,0,1,0,0,1,1,0,1,1,0,1,0,0,1,3.661551762,frivolous,
337,1,1,1,0,1,1,1,1,0,1,1,0,1,1,0,1,0,1,1,1,1,0,0,0,1,1,1,0,1,0,0,0,1,0,2.874955155,frivolous,
338,0,0,1,0,1,1,1,0,0,0,1,0,0,1,0,0,0,1,1,0,0,0,0,1,0,1,0,1,0,0,0,0,0,1,3.505666171,good,4.785598257
339,1,1,1,0,1,1,0,1,1,0,0,0,0,1,0,0,1,0,1,1,0,0,1,1,1,1,1,1,1,1,0,0,1,0,2.465906229,frivolous,
340,0,1,1,1,1,0,1,0,0,0,1,1,0,1,0,0,0,0,1,0,1,0,0,0,0,1,1,0,0,0,0,1,0,1,3.589678565,frivolous,4.308172762
341,0,1,1,0,1,0,1,0,0,1,0,0,1,0,0,1,0,1,0,0,0,0,0,0,0,0,0,1,0,1,1,0,0,0,3.251509789,bad,3.758219235
342,0,0,1,1,0,0,1,1,0,0,0,1,0,1,0,0,1,0,1,1,1,1,1,0,1,0,1,0,0,0,0,1,0,0,2.591657068,bad,3.478721841
343,0,1,0,1,0,0,0,0,0,1,0,1,0,0,0,0,0,0,0,0,1,1,0,0,0,1,1,0,1,1,0,0,0,0,3.423860866,frivolous,1.805138063
344,0,0,0,1,1,0,1,1,0,0,0,0,0,1,1,0,0,0,0,0,0,0,1,0,0,0,0,1,0,0,1,0,0,0,3.60313648,frivolous,3.193720963
345,0,0,0,0,1,0,0,1,0,0,0,1,0,1,0,1,1,0,0,1,1,1,0,0,0,1,1,0,1,0,0,0,1,0,3.461083526,apathic,
346,0,0,1,1,1,0,0,1,0,1,1,1,0,1,1,0,1,0,1,0,1,0,0,1,1,0,0,0,0,1,0,0,1,1,1.898288124,frivolous,1.982614053
347,1,0,1,0,1,0,0,1,1,0,1,0,0,0,0,1,0,1,1,1,1,1,0,0,1,0,0,1,1,0,0,1,0,0,3.658661058,moody,5.629355056
348,0,1,1,1,0,0,1,0,0,1,0,1,1,0,0,1,0,0,1,0,1,0,1,0,0,1,1,0,0,0,0,1,1,0,3.146407271,frivolous,7.415729314
349,1,0,0,1,1,1,0,1,1,0,1,0,0,0,1,1,1,0,0,0,0,0,1,0,1,0,0,1,1,1,1,1,0,1,3.211466011,apathic,4.914992502
350,0,1,1,1,0,0,0,0,0,1,0,0,1,1,0,1,1,1,1,1,0,0,0,0,0,0,1,0,0,0,0,0,0,1,3.823136578,good,7.153480786
351,1,1,1,1,0,1,1,1,0,1,1,1,1,1,1,0,1,1,1,0,0,1,0,0,1,1,0,1,1,0,1,1,0,1,3.251446933,frivolous,
352,1,0,1,1,0,1,1,1,1,0,0,0,1,1,0,1,0,1,0,0,0,1,0,1,1,1,1,1,0,1,0,0,0,1,2.890403978,frivolous,6.989655682
353,1,1,1,1,1,1,1,1,1,1,1,1,1,1,1,1,1,0,1,0,0,1,1,0,0,0,1,1,1,1,0,0,1,1,3.220376485,apathic,13.12833096
354,0,1,1,0,1,0,1,1,0,1,1,0,0,1,0,0,1,0,1,1,0,0,0,0,0,1,1,1,1,0,0,1,0,1,3.682472259,so-so,6.172480834
355,0,0,0,1,0,1,0,0,1,1,0,1,0,1,0,0,0,1,0,0,0,0,0,0,0,0,0,0,0,0,1,0,0,0,3.096909712,moody,1.172251679
356,0,1,1,1,1,0,0,1,1,1,0,0,0,1,0,1,1,0,1,0,0,1,0,0,0,1,1,1,0,1,0,0,1,1,3.920005084,frivolous,
357,1,1,1,1,1,1,0,0,1,1,1,1,1,1,1,1,1,1,0,1,0,0,1,0,1,0,1,1,1,0,0,1,1,1,2.753108716,bad,13.902547
358,1,1,0,0,1,0,0,1,0,1,1,1,0,0,0,1,0,0,1,0,1,1,1,1,0,0,0,1,1,1,1,1,0,0,3.45838434,good,
359,0,0,1,1,1,1,1,0,0,1,0,0,0,0,0,0,1,0,0,0,0,1,0,0,0,0,1,0,1,0,1,1,1,1,2.800122287,frivolous,6.855326517
360,0,1,0,0,0,1,0,0,0,0,0,0,1,1,0,0,0,1,1,0,0,0,0,0,0,1,1,0,0,0,1,1,0,0,3.411645173,bad,6.471568466
361,0,0,0,0,0,1,1,0,0,0,0,1,0,0,0,0,0,0,1,0,0,0,0,0,0,0,0,1,1,1,0,1,0,1,3.257300111,emotional,2.474444868
362,0,0,0,1,0,0,0,0,0,0,0,1,1,0,0,1,0,0,0,0,1,0,0,0,0,0,0,1,0,0,0,1,0,0,2.255924205,excellent,0.025455172
363,0,0,0,0,0,0,0,0,0,0,0,0,0,0,0,0,0,0,0,0,1,0,0,0,0,1,0,0,1,0,0,1,0,1,3.14398121,frivolous,3.628033296
364,0,1,1,1,0,1,1,0,1,1,0,1,0,0,1,0,1,1,1,0,0,0,0,1,1,0,1,0,1,0,0,0,1,0,3.371964086,emotional,7.396353201
365,0,1,0,1,0,1,0,1,0,1,0,0,0,0,0,0,0,1,0,0,0,0,1,0,1,0,1,1,0,1,1,0,0,1,3.360141686,so-so,3.602929308
366,0,1,0,0,0,0,0,1,0,0,0,1,1,0,1,0,0,0,0,0,0,1,0,0,0,0,1,0,1,0,1,0,0,0,3.431777205,frivolous,
367,1,0,0,1,0,0,0,0,0,0,0,0,0,0,1,1,0,1,0,1,1,1,1,1,0,0,0,0,1,1,0,1,1,0,3.001218008,frivolous,
368,0,0,0,0,0,1,0,0,0,0,1,0,0,1,0,0,0,0,0,0,0,1,0,1,1,1,0,0,0,0,0,0,0,0,3.142060434,good,4.74506959
369,0,1,0,0,0,0,1,1,0,1,0,1,1,0,0,0,0,0,1,0,0,0,0,0,1,1,1,1,0,0,0,0,0,1,3.489877848,excellent,1.934744141
370,0,0,0,0,1,0,1,1,0,0,1,0,1,1,1,0,0,0,0,0,0,0,0,1,0,1,0,0,1,0,0,0,0,0,3.370260387,bad,3.923277333
371,1,0,1,0,1,0,1,0,1,0,0,0,0,0,1,0,1,1,1,0,0,1,1,1,1,0,0,0,1,0,1,1,0,1,3.182304207,frivolous,9.753181611
372,0,1,0,1,0,1,1,0,0,1,1,1,1,0,0,1,1,0,0,0,1,0,0,0,0,1,1,0,0,0,0,0,0,1,3.247024907,good,
373,1,1,1,1,1,0,1,1,1,1,1,1,1,1,1,0,0,1,1,1,0,1,0,0,1,1,0,0,1,0,0,1,1,1,2.394987768,excellent,12.5324683
374,1,1,0,1,0,1,1,1,0,0,1,1,0,1,0,1,0,0,1,1,1,0,1,1,0,0,1,1,0,0,1,1,0,1,3.663030705,frivolous,7.766863606
375,0,1,1,1,1,1,1,0,1,1,0,0,1,1,0,1,1,0,0,0,0,1,1,1,0,1,0,0,0,1,1,0,1,0,3.245396115,frivolous,9.649920998
376,1,1,1,1,1,1,1,1,1,1,1,1,1,1,0,0,1,0,1,1,1,1,0,1,1,1,0,0,1,1,1,1,1,1,3.685548419,good,12.84013806
377,0,0,0,0,0,0,1,1,0,0,0,0,1,1,0,1,0,0,1,0,0,0,1,0,1,0,0,1,0,0,0,1,0,1,3.600514516,apathic,4.134237944
378,1,0,1,0,1,1,0,1,1,1,1,0,0,1,1,0,1,0,0,0,1,0,1,1,1,0,0,0,1,0,1,1,1,0,3.053068296,good,
379,1,1,0,0,0,1,0,0,1,0,1,0,0,1,0,0,0,0,0,1,0,1,0,1,0,1,1,0,1,0,0,0,0,0,2.75724991,bad,7.15585203
380,0,1,1,1,1,0,1,0,0,1,0,1,0,1,0,0,1,1,0,1,0,1,0,0,0,1,0,1,0,1,1,1,0,1,3.686465675,frivolous,2.542969384
381,0,0,0,0,0,0,0,0,0,0,1,0,0,1,1,0,1,0,0,1,0,0,0,1,1,0,1,0,0,0,0,1,1,0,3.484561769,excellent,
382,1,1,1,0,0,0,0,0,1,1,1,1,1,1,0,1,1,1,0,1,1,1,1,1,1,0,0,1,1,1,0,0,1,1,3.09775309,frivolous,
383,1,1,0,1,0,1,0,0,0,1,1,1,1,0,0,1,0,0,0,1,1,1,1,1,1,1,0,1,1,1,1,1,0,0,2.885862325,frivolous,7.465809721
384,0,1,0,0,0,1,0,0,0,0,0,0,0,0,0,0,0,0,0,1,0,1,0,0,0,1,1,1,0,0,1,1,0,1,2.793803489,apathic,3.380438048
385,0,1,1,0,1,1,0,1,1,1,0,1,0,1,1,1,1,1,1,0,0,1,0,1,0,1,0,0,1,1,1,1,1,1,2.346904648,excellent,5.473389595
386,0,0,1,0,1,0,1,0,1,0,1,0,0,1,0,0,1,0,1,0,0,1,0,0,1,0,1,0,1,0,1,0,0,1,3.617747189,frivolous,6.238555995
387,1,1,1,1,0,1,0,0,1,1,1,0,0,1,1,1,0,1,1,0,0,1,1,1,0,1,1,0,0,1,1,1,0,1,3.119685628,good,
388,0,1,1,1,1,1,0,1,0,1,0,1,0,1,1,0,1,0,0,0,0,0,1,0,0,0,1,0,0,1,1,1,1,0,2.788625173,good,4.093158937
389,0,1,0,0,0,1,0,1,0,1,0,0,1,0,1,0,0,1,1,0,0,0,1,1,0,0,1,0,0,1,0,1,0,0,2.783592605,frivolous,9.630604309
390,0,0,1,1,0,0,1,0,0,0,0,0,1,1,1,0,0,0,0,1,0,0,0,1,0,0,0,0,1,0,1,0,1,1,2.571477794,good,
391,1,1,1,0,0,1,0,1,1,1,1,0,0,1,0,1,1,1,0,1,1,1,0,0,0,1,1,0,1,0,1,0,1,0,2.050569144,moody,
392,0,1,1,1,1,0,0,1,0,1,0,1,1,1,0,0,1,0,1,0,1,0,0,0,0,1,0,1,0,1,0,1,1,0,2.551914676,emotional,2.846294736
393,0,1,1,1,1,0,0,0,1,1,0,1,1,1,0,0,1,1,1,0,1,0,0,0,1,1,1,0,0,0,1,0,1,1,3.743087015,frivolous,
394,0,1,1,1,1,0,1,0,1,1,1,0,0,1,0,0,0,1,1,0,0,1,1,1,1,1,1,0,0,1,0,0,1,0,3.230026645,moody,5.215195043
395,0,0,1,1,1,1,0,1,0,1,1,0,0,1,0,0,1,1,1,1,0,0,1,0,1,0,0,0,1,0,0,0,0,1,2.986351087,frivolous,
396,0,1,1,1,0,0,0,0,0,0,0,1,1,0,0,0,1,1,1,1,1,1,0,1,0,0,1,1,0,0,0,0,1,1,3.167483978,moody,4.767822551
397,0,1,0,1,0,0,1,0,0,1,0,0,1,0,0,0,0,0,1,1,0,1,0,0,0,1,1,0,0,0,1,0,1,0,3.045849034,frivolous,6.30642967
398,0,0,0,0,1,0,1,0,0,1,1,0,0,0,0,0,0,0,0,0,0,0,0,1,0,0,0,0,0,0,1,0,1,0,3.393426089,emotional,0.867970651
399,1,0,1,0,1,1,0,1,1,0,0,0,0,0,0,1,1,1,0,0,1,1,1,0,0,1,0,1,1,1,1,0,0,0,3.176951697,apathic,6.498143286
400,1,1,1,1,1,1,1,1,0,0,1,0,1,0,1,0,0,1,0,1,1,1,0,1,1,1,0,1,0,0,0,1,1,0,2.28591945,frivolous,13.7825499
401,0,0,0,0,1,1,0,0,0,0,0,0,1,0,1,0,1,0,1,0,0,0,0,0,0,0,0,0,0,1,1,0,0,1,2.874603497,so-so,5.996914085
402,0,0,1,0,0,0,1,1,0,0,1,1,1,1,0,0,0,0,0,1,1,1,0,0,1,1,0,0,0,0,0,0,0,1,3.416760105,good,1.081812468
403,0,0,1,0,0,0,1,0,1,1,0,1,0,1,0,1,1,0,1,0,0,1,0,0,0,0,0,0,0,0,0,0,1,1,3.780321685,bad,
404,0,0,1,1,1,1,1,1,0,1,1,0,1,1,0,0,1,1,1,0,0,0,0,0,1,0,0,0,0,0,0,0,1,1,3.719514715,frivolous,8.437625231
405,0,1,1,1,1,1,1,0,0,1,0,1,1,0,0,1,1,1,0,1,0,0,0,0,0,0,0,1,0,0,0,0,1,0,2.972404607,frivolous,6.096918308
406,1,0,0,0,0,0,0,0,1,1,0,0,0,0,0,1,0,1,0,1,1,1,1,0,1,1,1,1,1,1,0,1,0,0,3.15891688,frivolous,4.065757078
407,0,1,1,1,1,0,1,0,0,1,1,1,1,1,0,1,1,1,1,0,0,0,1,0,1,0,0,0,0,0,0,0,1,1,3.146785118,bad,6.250436201
408,1,1,0,1,0,1,0,0,1,1,0,1,1,1,1,1,1,0,0,1,0,1,1,1,1,1,1,1,0,1,1,0,0,1,3.256366147,excellent,6.104441674
409,0,0,1,0,0,1,1,0,1,0,0,1,1,1,1,1,1,1,0,0,1,0,1,0,0,0,0,0,1,1,0,0,1,0,3.279854547,bad,4.996455398
410,0,0,0,0,1,0,0,0,0,1,0,1,0,1,1,1,0,1,0,1,1,0,0,0,0,1,1,1,0,0,0,0,1,0,2.087365924,good,0.045226708
411,1,0,1,0,1,0,1,1,1,0,1,0,0,1,1,1,1,1,0,1,0,1,0,1,1,1,1,0,0,1,1,0,1,1,2.455278285,frivolous,4.359074115
412,0,0,0,0,0,1,0,0,0,0,0,0,0,0,0,0,0,0,1,1,0,0,0,1,0,1,1,0,1,0,0,0,0,0,3.280012669,frivolous,
413,0,0,0,1,0,1,0,0,1,0,0,0,1,0,0,0,0,1,0,1,0,1,0,1,0,0,0,0,1,1,0,0,0,0,2.654832101,frivolous,
414,1,1,1,1,1,1,1,1,1,1,0,1,0,1,0,1,0,1,1,1,1,1,0,1,0,1,1,1,1,1,1,0,0,1,3.218309763,good,10.58189112
415,0,1,1,1,1,0,1,0,0,1,0,0,1,1,0,1,1,0,0,0,1,0,0,0,0,1,1,0,0,0,0,1,1,1,3.606866149,so-so,4.230326464
416,0,0,0,0,1,1,1,1,0,1,0,1,0,0,0,0,0,0,0,0,0,0,1,0,0,0,0,1,1,0,0,1,0,1,3.478559378,frivolous,5.275637115
417,0,0,0,1,0,0,1,0,0,0,0,0,0,0,0,0,0,0,0,0,0,0,1,1,0,0,1,1,0,0,1,0,0,0,2.762309235,so-so,
418,0,1,1,0,1,0,1,0,0,1,1,1,0,1,1,1,1,1,1,0,1,0,1,0,1,0,1,0,0,1,0,0,0,1,2.855764192,so-so,4.078176681
419,0,1,1,1,1,1,1,0,1,0,0,0,0,1,0,0,1,0,1,0,0,1,0,0,0,1,0,0,0,0,0,0,0,0,3.067812309,bad,6.988768206
420,0,1,1,1,1,0,1,0,0,0,1,1,0,1,1,0,1,0,1,1,0,0,1,1,0,1,1,0,1,0,0,0,1,1,3.637044307,bad,6.714065894
421,0,1,1,0,1,0,0,0,0,1,1,1,1,1,1,0,1,0,1,0,0,1,1,0,0,1,1,0,0,1,0,0,0,1,2.752767027,frivolous,7.319522291
422,1,1,1,1,1,0,0,1,1,0,0,1,0,0,1,0,1,1,0,0,1,1,1,0,0,1,1,0,0,0,1,0,0,0,3.025057673,frivolous,
423,0,0,0,0,0,1,0,0,0,0,0,0,1,1,0,0,0,0,1,1,0,0,0,0,0,1,0,0,0,0,1,1,1,0,3.597169683,frivolous,
424,1,0,1,0,1,0,1,1,1,0,1,0,0,1,0,1,0,0,1,1,0,1,0,1,1,0,0,1,1,1,0,0,1,0,2.736985343,frivolous,5.782389184
425,1,1,0,0,1,1,0,1,1,1,1,1,1,1,1,1,0,0,0,0,1,1,1,1,0,1,1,0,0,1,1,1,0,0,3.747926475,emotional,6.277626435
426,1,0,0,1,0,1,0,0,1,1,1,0,0,0,1,1,0,1,1,0,1,0,0,1,1,0,0,0,1,1,1,1,0,0,2.265816633,frivolous,
427,0,0,0,0,0,1,0,0,0,0,0,0,1,0,0,0,0,0,1,0,0,1,0,1,1,0,1,0,1,0,0,1,1,0,3.066233102,excellent,6.995924487
428,0,1,1,1,1,1,1,0,0,0,0,0,1,1,0,0,0,1,1,0,0,0,1,0,0,1,0,0,0,0,1,0,1,0,2.482706399,frivolous,11.46487169
429,1,0,1,0,0,1,1,1,0,0,0,0,0,1,0,1,0,0,0,1,0,1,0,1,1,1,0,1,1,0,1,1,0,0,3.2566992,good,5.829734262
430,0,1,0,0,0,0,0,0,0,1,1,1,1,1,0,0,0,1,1,0,0,0,0,0,0,1,1,1,0,1,0,0,0,1,3.311381264,frivolous,2.988003608
431,0,1,1,0,1,1,1,0,0,1,1,0,1,1,1,0,1,0,0,0,0,0,0,0,0,1,1,0,0,0,1,0,0,1,3.45423435,emotional,6.620007565
432,0,0,1,1,0,0,1,0,0,0,0,0,0,1,0,0,1,0,1,0,1,1,0,0,0,0,1,1,1,0,0,0,0,1,3.633746617,frivolous,6.043773351
433,1,1,0,1,1,0,1,1,0,0,1,1,1,0,1,0,0,0,0,1,0,0,1,1,1,0,1,1,1,1,1,0,1,1,3.165927,frivolous,6.635470037
434,1,1,1,0,1,0,1,1,0,1,0,1,0,1,0,1,0,1,1,1,0,1,1,1,1,1,0,0,1,1,1,0,1,1,3.676436017,frivolous,
435,0,1,1,1,1,0,0,0,0,1,0,1,1,1,1,0,0,0,1,0,1,1,1,1,0,0,1,0,0,1,1,0,0,1,3.327506958,apathic,6.818059704
436,1,1,1,1,0,1,1,1,1,1,1,1,1,1,1,1,1,1,0,0,1,1,0,1,1,0,1,1,0,1,1,0,1,1,3.827366471,good,
437,0,1,1,1,1,0,1,0,0,0,1,1,1,0,0,1,0,0,0,0,0,0,0,1,0,1,1,0,0,0,1,1,1,0,3.697866295,apathic,3.147392775
438,0,0,0,1,1,0,0,0,0,0,0,1,1,0,1,0,0,1,0,0,0,1,0,1,0,0,0,0,0,1,1,0,1,1,2.289195749,frivolous,1.427278961
439,0,0,0,0,0,0,0,0,0,0,0,0,0,1,0,0,0,0,0,0,0,0,0,0,1,0,0,1,0,1,1,1,1,0,3.111672494,frivolous,1.710038843
440,1,1,0,0,1,0,0,1,0,1,1,0,0,0,1,1,1,1,0,1,1,1,0,1,1,1,0,1,1,1,1,1,1,0,3.646502085,frivolous,5.255578895
441,0,1,0,0,0,1,0,0,0,1,1,0,1,0,1,1,0,1,0,0,0,1,0,0,1,1,1,1,1,0,0,1,0,1,2.402682016,so-so,
442,0,0,0,1,0,0,0,0,1,0,1,1,0,0,1,0,1,0,0,0,0,0,0,0,0,1,0,0,0,1,0,0,0,0,2.168027421,apathic,0.064464413
443,0,0,0,0,1,0,1,0,0,0,1,1,0,1,1,0,0,0,0,1,1,0,0,1,0,1,0,0,0,1,0,0,0,0,3.179683822,good,0.009877487
444,1,1,0,1,0,1,0,1,1,1,0,0,1,0,0,1,0,1,1,0,1,1,0,1,0,1,1,1,1,1,0,0,0,1,2.342668553,frivolous,
445,1,1,0,0,0,0,0,0,1,0,1,1,1,0,0,0,0,1,0,1,1,0,0,1,1,1,0,0,1,1,0,1,1,0,2.927915172,apathic,3.71166054
446,0,0,1,1,0,0,1,0,0,1,0,0,0,1,0,1,0,0,1,1,0,1,1,0,0,0,0,1,1,1,0,0,1,1,2.828399786,so-so,5.816035132
447,0,0,1,0,1,0,1,0,0,0,1,1,0,1,0,1,0,0,1,0,0,0,0,1,0,0,1,1,1,0,0,0,0,1,2.909452806,bad,1.887866431
448,0,0,1,1,1,0,1,0,0,0,0,0,0,1,0,0,0,0,0,0,0,1,0,0,0,0,0,0,0,0,0,1,0,1,3.722390624,frivolous,
449,0,0,1,0,0,1,1,1,0,0,0,1,0,1,0,0,1,0,1,0,0,0,1,0,0,0,0,0,1,1,0,0,0,1,2.933332014,frivolous,6.542933289
450,0,0,1,1,0,0,1,0,1,0,0,1,1,1,0,0,1,1,0,0,0,0,0,1,0,0,0,1,0,0,1,0,1,1,2.275281499,frivolous,3.545854499
451,0,1,1,1,0,0,0,0,0,1,1,1,0,1,0,0,1,0,0,0,0,0,0,0,0,1,1,1,1,1,0,0,0,1,3.010924288,bad,
452,0,0,0,0,0,0,0,0,1,0,0,1,1,0,0,0,0,1,0,0,0,0,1,0,0,0,0,0,0,1,0,1,0,1,3.352020372,apathic,
453,0,1,1,0,1,1,0,0,0,0,0,1,1,0,0,0,1,1,1,0,0,0,1,0,0,1,1,1,0,1,0,0,0,0,3.782867504,frivolous,
454,1,0,1,1,0,1,1,1,1,0,0,0,1,1,1,1,0,1,1,1,0,0,0,0,1,1,0,1,1,1,1,0,0,1,3.263594765,frivolous,8.68229185
455,0,1,1,1,1,1,0,0,0,1,1,1,0,1,0,1,1,0,1,1,1,0,0,1,1,1,1,1,1,0,0,0,1,0,3.68647423,excellent,6.193558107
456,1,0,1,0,1,1,1,1,1,0,1,0,0,1,1,0,1,1,0,0,0,1,1,0,0,0,0,1,1,1,1,0,0,1,3.845823265,emotional,7.548229256
457,0,0,1,0,1,0,1,1,0,0,0,0,0,1,1,0,0,0,1,0,1,0,0,1,1,0,0,0,0,0,1,0,1,1,3.570163772,frivolous,5.184959466
458,0,1,1,0,1,1,1,0,0,1,1,0,0,0,1,1,1,0,1,0,1,0,0,0,0,1,1,1,0,0,0,1,0,0,2.91745304,frivolous,7.635715095
459,0,1,1,1,0,0,0,0,0,1,1,1,0,1,0,0,1,1,0,0,0,0,0,1,0,1,1,0,0,1,0,0,0,0,3.192008333,bad,1.312978054
460,0,0,0,0,0,1,0,0,0,0,0,1,0,1,0,0,1,0,1,1,0,0,0,1,0,1,0,0,1,0,0,0,1,0,3.230760659,frivolous,6.4046028
461,0,0,0,0,0,0,0,0,1,0,0,0,0,0,1,0,0,0,1,0,1,0,0,0,0,0,0,0,1,0,0,0,0,0,3.736500333,emotional,4.047723958
462,0,1,0,0,0,0,0,1,0,1,0,0,1,0,0,0,0,0,1,1,1,0,0,0,0,1,1,0,0,1,0,0,0,0,3.783755976,apathic,3.306842781
463,0,0,0,0,1,0,1,0,0,0,1,1,0,0,1,0,0,0,1,0,0,1,0,0,0,0,0,0,1,0,0,0,0,0,2.97577522,apathic,
464,0,0,0,0,0,0,0,0,0,1,0,0,0,0,0,0,1,1,0,0,1,0,0,1,0,0,0,0,0,0,1,0,0,0,3.860056458,frivolous,2.663572426
465,0,1,0,0,1,0,0,0,0,1,0,1,1,0,0,0,1,0,0,0,0,0,0,0,0,1,1,0,0,1,0,0,0,0,3.838429441,emotional,0.160048712
466,0,0,0,0,0,0,0,1,0,1,1,1,1,0,0,0,1,0,0,1,1,1,0,0,1,0,1,0,1,0,0,1,0,0,3.116713273,moody,1.666836884
467,0,1,1,0,0,0,1,1,0,1,1,1,1,1,0,1,1,0,1,0,0,1,0,1,0,1,0,0,0,0,1,1,1,1,3.728287792,frivolous,6.401243154
468,0,0,0,0,0,1,0,0,1,0,1,0,0,1,0,1,0,0,0,1,0,1,1,1,1,0,1,1,0,0,1,0,0,0,3.841106344,apathic,4.543788016
469,0,1,1,0,1,0,0,0,0,1,0,0,0,1,0,0,1,1,1,0,1,1,0,0,1,1,1,0,0,0,0,0,0,1,3.34431192,frivolous,
470,0,0,1,0,1,0,1,1,0,0,0,1,0,0,0,1,1,1,1,1,0,0,0,0,0,0,1,0,0,1,1,0,1,0,3.728856074,frivolous,2.954926933
471,0,0,1,1,0,0,0,0,0,0,0,1,0,1,0,0,1,1,0,0,1,0,1,0,1,1,0,0,0,0,1,1,1,0,3.697881911,frivolous,3.621781799
472,1,1,1,1,1,0,0,1,1,1,1,0,0,1,0,0,1,1,1,0,1,1,1,1,1,1,1,1,1,0,1,0,1,1,2.815876783,bad,13.93495742
473,1,1,1,1,0,1,0,1,1,1,1,0,1,1,0,0,0,1,1,0,1,0,0,0,0,1,0,1,0,1,1,0,1,0,3.59531837,good,12.90871518
474,0,0,1,1,1,0,0,0,0,1,1,1,1,0,1,1,1,0,0,1,0,1,0,0,0,0,0,0,1,0,0,0,1,0,3.041172989,good,3.287563656
475,0,0,1,0,1,0,1,0,0,1,0,1,1,0,0,0,1,1,0,0,0,0,0,1,0,0,1,1,1,0,0,0,0,1,3.877471358,frivolous,3.224443537
476,0,0,1,1,0,1,1,0,1,1,0,0,1,0,1,0,0,0,1,0,0,0,1,1,0,0,0,1,0,0,0,0,1,1,2.84158323,emotional,7.914992963
477,0,0,0,0,0,0,1,0,0,0,0,0,1,1,0,0,1,0,1,0,0,0,0,0,0,0,1,0,0,1,0,0,0,0,2.893749805,emotional,2.659610533
478,1,1,1,1,0,1,0,1,1,1,0,1,1,1,1,0,0,0,0,0,0,0,1,1,1,0,0,1,1,1,1,0,1,0,3.168893539,good,12.51168264
479,1,1,0,0,1,1,0,1,1,1,0,1,0,0,0,1,0,1,0,0,1,1,1,0,0,1,1,1,0,1,1,0,0,1,3.612058503,frivolous,7.015491386
480,1,1,0,0,0,0,1,1,1,1,1,1,0,1,1,0,0,1,1,1,1,1,1,0,1,0,1,1,0,0,0,1,0,1,2.892435119,emotional,3.736179552
481,0,1,0,0,0,0,0,0,0,1,1,1,1,0,0,0,0,0,1,0,1,1,1,0,0,1,0,0,0,0,0,0,0,0,3.901400037,apathic,4.411897315
482,0,0,1,1,0,1,1,1,1,0,0,0,0,1,0,1,1,0,1,1,0,1,0,0,0,0,1,0,0,1,0,0,1,0,3.16070712,so-so,4.325443577
483,0,0,1,1,1,1,1,1,0,0,0,1,0,0,0,0,1,1,0,0,0,0,0,0,1,0,0,0,0,1,1,0,1,0,3.273763545,frivolous,2.735431506
484,1,0,1,1,1,0,1,1,1,1,1,0,0,1,0,1,0,1,1,1,1,1,1,0,1,0,1,0,0,1,1,1,0,1,3.003909727,bad,5.695171588
485,0,0,0,0,1,0,1,0,0,1,1,1,0,0,1,1,0,0,1,0,0,0,0,1,0,0,0,0,1,0,0,0,1,0,2.171393836,frivolous,
486,0,1,1,1,0,0,1,0,1,1,1,0,1,0,0,0,1,0,0,0,0,0,0,1,0,1,1,0,1,1,1,0,1,1,3.285460997,good,5.374310093
487,1,1,1,1,0,1,0,1,1,1,1,0,0,1,1,1,0,1,1,1,0,1,0,1,1,1,1,0,0,1,1,0,1,1,3.492264501,moody,12.25574278
488,0,0,1,1,1,0,1,1,0,0,1,0,1,0,0,1,1,0,1,1,0,1,0,1,0,0,0,0,0,0,1,0,0,1,3.29355092,frivolous,6.37825606
489,0,1,0,1,0,0,1,0,0,0,1,0,0,0,0,0,0,1,1,1,0,0,0,0,0,0,1,0,0,0,1,1,0,0,2.64886222,frivolous,4.643796084
490,1,1,1,0,1,0,0,1,1,0,1,1,1,1,0,1,0,0,1,1,1,0,1,0,1,0,0,0,0,1,1,1,1,0,2.332714559,frivolous,
491,0,0,1,1,0,0,1,0,1,0,0,0,0,1,1,0,1,0,0,0,0,1,0,0,0,0,0,1,0,0,0,0,0,1,3.84357503,frivolous,2.277240914
492,0,0,0,0,0,0,0,1,0,0,0,0,1,1,1,0,0,1,0,0,0,0,0,0,1,0,0,0,0,0,0,0,0,0,2.722772767,frivolous,3.24421249
493,0,1,1,0,1,1,1,1,0,1,1,0,0,1,0,0,1,0,1,0,1,0,0,0,1,1,1,0,0,0,0,0,1,0,2.860121333,frivolous,8.273744532
494,0,0,0,1,1,1,0,0,0,0,0,0,1,0,0,0,1,1,0,1,0,1,0,0,0,0,1,0,0,0,1,0,0,0,3.087076999,good,5.265390636
495,0,0,1,1,0,1,1,0,0,0,0,0,0,1,1,1,1,0,1,1,1,0,1,1,0,0,0,0,1,0,1,0,1,1,3.246400547,apathic,7.854241772
496,0,1,1,0,1,0,1,0,0,1,1,1,1,1,0,0,0,0,1,1,1,0,0,1,0,1,1,1,1,0,0,0,1,1,3.679052447,frivolous,6.641358519
497,1,0,1,1,0,1,0,0,1,0,0,1,0,1,1,1,0,0,1,1,1,0,0,1,0,0,0,1,1,0,0,1,1,1,2.970869692,frivolous,7.629977231
498,0,0,1,0,1,0,0,0,0,0,0,1,1,1,0,0,1,0,0,0,1,0,0,0,1,0,1,0,0,0,0,0,1,0,3.111192643,good,1.152128326
499,0,1,1,1,1,0,0,1,0,1,1,1,1,0,1,0,0,0,0,0,1,1,0,1,0,0,0,0,0,0,0,0,0,1,3.137531354,frivolous,5.649038449
